{
    "clientfullname": "Joshua Hart-Sano",
    "clientdob": "2011-10-21",
    "age": 12,
    "pronoun": "he",
    "gender": "Male",
    "testingdate": "",
    "iqnotassessed": "True",
    "mother_name": "Roselynn Sano",
    "father_name": "N/A",
    "marital_status": "",
    "siblings": [
        {
            "name": "Jaxon Battles",
            "age": "",
            "relationship": "half-brother",
            "sex": "Male"
        }
    ],
    "milestones": {
        "first_word": 6,
        "two_words": 8,
        "understood_directions": 10,
        "walked_alone": 13,
        "toilet_trained": 8,
        "crying_level": 0
    },
    "education": {
        "school": "Buffalo Ridge",
        "grade": "5"
    }
}
