[{"Questions": "1.\u00a0\u00a0\u00a0\u00a0Has difficulty concentrating", "Raw Score": 3.0}, {"Questions": "2.\u00a0\u00a0\u00a0\u00a0Fails to finish assignments or projects", "Raw Score": 3.0}, {"Questions": "3.\u00a0\u00a0\u00a0\u00a0Is disorganized and has difficulty getting started on assignments", "Raw Score": 3.0}, {"Questions": "4.\u00a0\u00a0\u00a0\u00a0Has difficulty planning and carrying out plans", "Raw Score": 3.0}, {"Questions": "5.\u00a0\u00a0\u00a0\u00a0Is absent-minded and/or forgetful", "Raw Score": 3.0}, {"Questions": "6.\u00a0\u00a0\u00a0\u00a0Is inattentive; doesn't listen well", "Raw Score": 2.0}, {"Questions": "7.\u00a0\u00a0\u00a0\u00a0Is easily distracted and frequently off task", "Raw Score": 3.0}, {"Questions": "8.\u00a0\u00a0\u00a0\u00a0Has difficulty following directions", "Raw Score": 2.0}, {"Questions": "9.\u00a0\u00a0\u00a0\u00a0Has a short attention span", "Raw Score": 3.0}, {"Questions": "10.\u00a0\u00a0\u00a0\u00a0Frequently loses things", "Raw Score": 3.0}, {"Questions": "11. Forgets what he or she is reading and frequently needs to reread material", "Raw Score": 3.0}, {"Questions": "12.\u00a0\u00a0\u00a0\u00a0Doesn't pay attention and makes careless errors", "Raw Score": 3.0}, {"Questions": "13.\u00a0\u00a0\u00a0\u00a0Has poor study skills", "Raw Score": 3.0}, {"Questions": "14.\u00a0\u00a0\u00a0\u00a0Tunes out, daydreams, appears \"spacey\"", "Raw Score": 3.0}, {"Questions": "15.\u00a0\u00a0\u00a0\u00a0Is highly energetic; constantly on the go", "Raw Score": 0.0}, {"Questions": "16.\u00a0\u00a0\u00a0\u00a0Can't sit still (e.g., twists and wiggles in seat, jumps up and out of chair, kneels in chair)", "Raw Score": 1.0}, {"Questions": "17.\u00a0\u00a0\u00a0\u00a0Gets excited easily", "Raw Score": 1.0}, {"Questions": "18. Engages in significant amount of unnecessary movements (e.g., pacing, tapping feet, finger-tapping)", "Raw Score": 0.0}, {"Questions": "19.\u00a0\u00a0\u00a0\u00a0Fidgets with feet or hands", "Raw Score": 1.0}, {"Questions": "20.\u00a0\u00a0\u00a0\u00a0Restless; isn\u2019t able to relax", "Raw Score": 1.0}, {"Questions": "21.\u00a0\u00a0\u00a0\u00a0Squirms in seat", "Raw Score": 0.0}, {"Questions": "22. Is frequently out of assigned area without permission (e.g., leaves seat, wanders around classroom)", "Raw Score": 1.0}, {"Questions": "23.\u00a0\u00a0\u00a0\u00a0Intrudes into others'space", "Raw Score": 0.0}, {"Questions": "24.\u00a0\u00a0\u00a0\u00a0Acts before thinking", "Raw Score": 0.0}, {"Questions": "25.\u00a0\u00a0\u00a0\u00a0Blurts out answers or blurts out verbal responses, often inappropriately", "Raw Score": 0.0}, {"Questions": "26.\u00a0\u00a0\u00a0\u00a0Fails to wait his or her turn in activities", "Raw Score": 0.0}, {"Questions": "27.\u00a0\u00a0\u00a0\u00a0Is frequently reprimanded for not raising hand and waiting to be called on", "Raw Score": 0.0}, {"Questions": NaN, "Raw Score": NaN}, {"Questions": "28.\u00a0\u00a0\u00a0\u00a0Often interrupts or intrudes when others are talking", "Raw Score": 0.0}, {"Questions": "29.\u00a0\u00a0\u00a0\u00a0Has trouble standing in line", "Raw Score": 0.0}, {"Questions": "30.\u00a0\u00a0\u00a0\u00a0Acts before adult finishes giving directions", "Raw Score": 1.0}, {"Questions": "31.\u00a0\u00a0\u00a0\u00a0Has difficulty waiting for things; wants things now", "Raw Score": 1.0}, {"Questions": "32.\u00a0\u00a0\u00a0\u00a0Knows the rules and consequences but acts without thinking", "Raw Score": 1.0}, {"Questions": "33.\u00a0\u00a0\u00a0\u00a0Has difficulty inhibiting what he or she says; says whatever pops into his or her mind", "Raw Score": 1.0}]