[{"Gender": "Male", "Sum Score Inattention and Hyperactivity": 3, "Percentile Rank": "<1", "ADHD Index": 50, "Interpretation": "Very Unlikely"}, {"Gender": "Male", "Sum Score Inattention and Hyperactivity": 4, "Percentile Rank": "<1", "ADHD Index": 53, "Interpretation": "Very Unlikely"}, {"Gender": "Male", "Sum Score Inattention and Hyperactivity": 5, "Percentile Rank": "<1", "ADHD Index": 56, "Interpretation": "Unlikely"}, {"Gender": "Male", "Sum Score Inattention and Hyperactivity": 6, "Percentile Rank": "<1", "ADHD Index": 59, "Interpretation": "Unlikely"}, {"Gender": "Male", "Sum Score Inattention and Hyperactivity": 7, "Percentile Rank": 1, "ADHD Index": 62, "Interpretation": "Unlikely"}, {"Gender": "Male", "Sum Score Inattention and Hyperactivity": 8, "Percentile Rank": 1, "ADHD Index": 65, "Interpretation": "Unlikely"}, {"Gender": "Male", "Sum Score Inattention and Hyperactivity": 9, "Percentile Rank": 2, "ADHD Index": 68, "Interpretation": "Unlikely"}, {"Gender": "Male", "Sum Score Inattention and Hyperactivity": 10, "Percentile Rank": 3, "ADHD Index": 71, "Interpretation": "Possible"}, {"Gender": "Male", "Sum Score Inattention and Hyperactivity": 11, "Percentile Rank": 4, "ADHD Index": 74, "Interpretation": "Possible"}, {"Gender": "Male", "Sum Score Inattention and Hyperactivity": 12, "Percentile Rank": 6, "ADHD Index": 77, "Interpretation": "Possible"}, {"Gender": "Male", "Sum Score Inattention and Hyperactivity": 13, "Percentile Rank": 9, "ADHD Index": 80, "Interpretation": "Likely"}, {"Gender": "Male", "Sum Score Inattention and Hyperactivity": 14, "Percentile Rank": 13, "ADHD Index": 83, "Interpretation": "Likely"}, {"Gender": "Male", "Sum Score Inattention and Hyperactivity": 15, "Percentile Rank": 18, "ADHD Index": 86, "Interpretation": "Likely"}, {"Gender": "Male", "Sum Score Inattention and Hyperactivity": 16, "Percentile Rank": 23, "ADHD Index": 89, "Interpretation": "Likely"}, {"Gender": "Male", "Sum Score Inattention and Hyperactivity": 17, "Percentile Rank": 27, "ADHD Index": 92, "Interpretation": "Very Likely"}, {"Gender": "Male", "Sum Score Inattention and Hyperactivity": 18, "Percentile Rank": 34, "ADHD Index": 95, "Interpretation": "Very Likely"}, {"Gender": "Male", "Sum Score Inattention and Hyperactivity": 19, "Percentile Rank": 42, "ADHD Index": 98, "Interpretation": "Very Likely"}, {"Gender": "Male", "Sum Score Inattention and Hyperactivity": 20, "Percentile Rank": 50, "ADHD Index": 101, "Interpretation": "Very Likely"}, {"Gender": "Male", "Sum Score Inattention and Hyperactivity": 21, "Percentile Rank": 58, "ADHD Index": 104, "Interpretation": "Very Likely"}, {"Gender": "Male", "Sum Score Inattention and Hyperactivity": 22, "Percentile Rank": 66, "ADHD Index": 107, "Interpretation": "Very Likely"}, {"Gender": "Male", "Sum Score Inattention and Hyperactivity": 23, "Percentile Rank": 73, "ADHD Index": 110, "Interpretation": "Very Likely"}, {"Gender": "Male", "Sum Score Inattention and Hyperactivity": 24, "Percentile Rank": 79, "ADHD Index": 113, "Interpretation": "Very Likely"}, {"Gender": "Male", "Sum Score Inattention and Hyperactivity": 25, "Percentile Rank": 84, "ADHD Index": 116, "Interpretation": "Very Likely"}, {"Gender": "Male", "Sum Score Inattention and Hyperactivity": 26, "Percentile Rank": 88, "ADHD Index": 119, "Interpretation": "Very Likely"}, {"Gender": "Male", "Sum Score Inattention and Hyperactivity": 27, "Percentile Rank": 92, "ADHD Index": 122, "Interpretation": "Very Likely"}, {"Gender": "Male", "Sum Score Inattention and Hyperactivity": 28, "Percentile Rank": 95, "ADHD Index": 125, "Interpretation": "Very Likely"}, {"Gender": "Female", "Sum Score Inattention and Hyperactivity": 4, "Percentile Rank": "<1", "ADHD Index": 56, "Interpretation": "Unlikely"}, {"Gender": "Female", "Sum Score Inattention and Hyperactivity": 5, "Percentile Rank": "<1", "ADHD Index": 59, "Interpretation": "Unlikely"}, {"Gender": "Female", "Sum Score Inattention and Hyperactivity": 6, "Percentile Rank": "<1", "ADHD Index": 62, "Interpretation": "Unlikely"}, {"Gender": "Female", "Sum Score Inattention and Hyperactivity": 7, "Percentile Rank": "<1", "ADHD Index": 65, "Interpretation": "Unlikely"}, {"Gender": "Female", "Sum Score Inattention and Hyperactivity": 8, "Percentile Rank": 1, "ADHD Index": 67, "Interpretation": "Unlikely"}, {"Gender": "Female", "Sum Score Inattention and Hyperactivity": 9, "Percentile Rank": 1, "ADHD Index": 70, "Interpretation": "Possible"}, {"Gender": "Female", "Sum Score Inattention and Hyperactivity": 10, "Percentile Rank": 2, "ADHD Index": 73, "Interpretation": "Possible"}, {"Gender": "Female", "Sum Score Inattention and Hyperactivity": 11, "Percentile Rank": 3, "ADHD Index": 76, "Interpretation": "Possible"}, {"Gender": "Female", "Sum Score Inattention and Hyperactivity": 12, "Percentile Rank": 4, "ADHD Index": 78, "Interpretation": "Possible"}, {"Gender": "Female", "Sum Score Inattention and Hyperactivity": 13, "Percentile Rank": 6, "ADHD Index": 81, "Interpretation": "Likely"}, {"Gender": "Female", "Sum Score Inattention and Hyperactivity": 14, "Percentile Rank": 9, "ADHD Index": 84, "Interpretation": "Likely"}, {"Gender": "Female", "Sum Score Inattention and Hyperactivity": 15, "Percentile Rank": 13, "ADHD Index": 87, "Interpretation": "Likely"}, {"Gender": "Female", "Sum Score Inattention and Hyperactivity": 16, "Percentile Rank": 18, "ADHD Index": 89, "Interpretation": "Likely"}, {"Gender": "Female", "Sum Score Inattention and Hyperactivity": 17, "Percentile Rank": 23, "ADHD Index": 92, "Interpretation": "Very Likely"}, {"Gender": "Female", "Sum Score Inattention and Hyperactivity": 18, "Percentile Rank": 27, "ADHD Index": 95, "Interpretation": "Very Likely"}, {"Gender": "Female", "Sum Score Inattention and Hyperactivity": 19, "Percentile Rank": 34, "ADHD Index": 97, "Interpretation": "Very Likely"}, {"Gender": "Female", "Sum Score Inattention and Hyperactivity": 20, "Percentile Rank": 42, "ADHD Index": 100, "Interpretation": "Very Likely"}, {"Gender": "Female", "Sum Score Inattention and Hyperactivity": 21, "Percentile Rank": 50, "ADHD Index": 103, "Interpretation": "Very Likely"}, {"Gender": "Female", "Sum Score Inattention and Hyperactivity": 22, "Percentile Rank": 58, "ADHD Index": 106, "Interpretation": "Very Likely"}, {"Gender": "Female", "Sum Score Inattention and Hyperactivity": 23, "Percentile Rank": 66, "ADHD Index": 108, "Interpretation": "Very Likely"}, {"Gender": "Female", "Sum Score Inattention and Hyperactivity": 24, "Percentile Rank": 73, "ADHD Index": 111, "Interpretation": "Very Likely"}, {"Gender": "Female", "Sum Score Inattention and Hyperactivity": 25, "Percentile Rank": 79, "ADHD Index": 114, "Interpretation": "Very Likely"}, {"Gender": "Female", "Sum Score Inattention and Hyperactivity": 26, "Percentile Rank": 84, "ADHD Index": 117, "Interpretation": "Very Likely"}, {"Gender": "Female", "Sum Score Inattention and Hyperactivity": 27, "Percentile Rank": 88, "ADHD Index": 119, "Interpretation": "Very Likely"}, {"Gender": "Female", "Sum Score Inattention and Hyperactivity": 28, "Percentile Rank": 92, "ADHD Index": 122, "Interpretation": "Very Likely"}, {"Gender": "Female", "Sum Score Inattention and Hyperactivity": 29, "Percentile Rank": 95, "ADHD Index": 125, "Interpretation": "Very Likely"}]