[{"Gender": "Male", "Age Group": "Ages 5-7", "Type": "Inattention", "Bottom Range": 0, "Top Range": 1, "Scaled Score": 2, "Percentile Rank": "<1"}, {"Gender": "Male", "Age Group": "Ages 5-7", "Type": "Inattention", "Bottom Range": 2, "Top Range": 5, "Scaled Score": 3, "Percentile Rank": 1}, {"Gender": "Male", "Age Group": "Ages 5-7", "Type": "Inattention", "Bottom Range": 6, "Top Range": 12, "Scaled Score": 4, "Percentile Rank": 2}, {"Gender": "Male", "Age Group": "Ages 5-7", "Type": "Inattention", "Bottom Range": 13, "Top Range": 16, "Scaled Score": 5, "Percentile Rank": 3}, {"Gender": "Male", "Age Group": "Ages 5-7", "Type": "Inattention", "Bottom Range": 17, "Top Range": 20, "Scaled Score": 6, "Percentile Rank": 9}, {"Gender": "Male", "Age Group": "Ages 5-7", "Type": "Inattention", "Bottom Range": 21, "Top Range": 24, "Scaled Score": 7, "Percentile Rank": 16}, {"Gender": "Male", "Age Group": "Ages 5-7", "Type": "Inattention", "Bottom Range": 25, "Top Range": 28, "Scaled Score": 8, "Percentile Rank": 25}, {"Gender": "Male", "Age Group": "Ages 5-7", "Type": "Inattention", "Bottom Range": 29, "Top Range": 31, "Scaled Score": 9, "Percentile Rank": 37}, {"Gender": "Male", "Age Group": "Ages 5-7", "Type": "Inattention", "Bottom Range": 32, "Top Range": 34, "Scaled Score": 10, "Percentile Rank": 50}, {"Gender": "Male", "Age Group": "Ages 5-7", "Type": "Inattention", "Bottom Range": 35, "Top Range": 37, "Scaled Score": 11, "Percentile Rank": 63}, {"Gender": "Male", "Age Group": "Ages 5-7", "Type": "Inattention", "Bottom Range": 38, "Top Range": 39, "Scaled Score": 12, "Percentile Rank": 75}, {"Gender": "Male", "Age Group": "Ages 5-7", "Type": "Inattention", "Bottom Range": 40, "Top Range": 41, "Scaled Score": 13, "Percentile Rank": 84}, {"Gender": "Male", "Age Group": "Ages 5-7", "Type": "Inattention", "Bottom Range": 42, "Top Range": 42, "Scaled Score": 14, "Percentile Rank": 91}, {"Gender": "Male", "Age Group": "Ages 5-7", "Type": "Hyperactivity", "Bottom Range": 0, "Top Range": 1, "Scaled Score": 1, "Percentile Rank": "<1"}, {"Gender": "Male", "Age Group": "Ages 5-7", "Type": "Hyperactivity", "Bottom Range": 2, "Top Range": 3, "Scaled Score": 2, "Percentile Rank": "<1"}, {"Gender": "Male", "Age Group": "Ages 5-7", "Type": "Hyperactivity", "Bottom Range": 4, "Top Range": 9, "Scaled Score": 3, "Percentile Rank": 1}, {"Gender": "Male", "Age Group": "Ages 5-7", "Type": "Hyperactivity", "Bottom Range": 10, "Top Range": 15, "Scaled Score": 4, "Percentile Rank": 2}, {"Gender": "Male", "Age Group": "Ages 5-7", "Type": "Hyperactivity", "Bottom Range": 16, "Top Range": 21, "Scaled Score": 5, "Percentile Rank": 3}, {"Gender": "Male", "Age Group": "Ages 5-7", "Type": "Hyperactivity", "Bottom Range": 22, "Top Range": 26, "Scaled Score": 6, "Percentile Rank": 9}, {"Gender": "Male", "Age Group": "Ages 5-7", "Type": "Hyperactivity", "Bottom Range": 27, "Top Range": 31, "Scaled Score": 7, "Percentile Rank": 16}, {"Gender": "Male", "Age Group": "Ages 5-7", "Type": "Hyperactivity", "Bottom Range": 32, "Top Range": 36, "Scaled Score": 8, "Percentile Rank": 25}, {"Gender": "Male", "Age Group": "Ages 5-7", "Type": "Hyperactivity", "Bottom Range": 37, "Top Range": 42, "Scaled Score": 9, "Percentile Rank": 37}, {"Gender": "Male", "Age Group": "Ages 5-7", "Type": "Hyperactivity", "Bottom Range": 43, "Top Range": 47, "Scaled Score": 10, "Percentile Rank": 50}, {"Gender": "Male", "Age Group": "Ages 5-7", "Type": "Hyperactivity", "Bottom Range": 48, "Top Range": 51, "Scaled Score": 11, "Percentile Rank": 63}, {"Gender": "Male", "Age Group": "Ages 5-7", "Type": "Hyperactivity", "Bottom Range": 52, "Top Range": 54, "Scaled Score": 12, "Percentile Rank": 75}, {"Gender": "Male", "Age Group": "Ages 5-7", "Type": "Hyperactivity", "Bottom Range": 55, "Top Range": 57, "Scaled Score": 13, "Percentile Rank": 84}, {"Gender": "Male", "Age Group": "Ages 8-17", "Type": "Inattention", "Bottom Range": 0, "Top Range": 1, "Scaled Score": 2, "Percentile Rank": "<1"}, {"Gender": "Male", "Age Group": "Ages 8-17", "Type": "Inattention", "Bottom Range": 2, "Top Range": 5, "Scaled Score": 3, "Percentile Rank": 1}, {"Gender": "Male", "Age Group": "Ages 8-17", "Type": "Inattention", "Bottom Range": 6, "Top Range": 12, "Scaled Score": 4, "Percentile Rank": 2}, {"Gender": "Male", "Age Group": "Ages 8-17", "Type": "Inattention", "Bottom Range": 13, "Top Range": 16, "Scaled Score": 5, "Percentile Rank": 3}, {"Gender": "Male", "Age Group": "Ages 8-17", "Type": "Inattention", "Bottom Range": 17, "Top Range": 20, "Scaled Score": 6, "Percentile Rank": 9}, {"Gender": "Male", "Age Group": "Ages 8-17", "Type": "Inattention", "Bottom Range": 21, "Top Range": 24, "Scaled Score": 7, "Percentile Rank": 16}, {"Gender": "Male", "Age Group": "Ages 8-17", "Type": "Inattention", "Bottom Range": 25, "Top Range": 28, "Scaled Score": 8, "Percentile Rank": 25}, {"Gender": "Male", "Age Group": "Ages 8-17", "Type": "Inattention", "Bottom Range": 29, "Top Range": 31, "Scaled Score": 9, "Percentile Rank": 37}, {"Gender": "Male", "Age Group": "Ages 8-17", "Type": "Inattention", "Bottom Range": 32, "Top Range": 34, "Scaled Score": 10, "Percentile Rank": 50}, {"Gender": "Male", "Age Group": "Ages 8-17", "Type": "Inattention", "Bottom Range": 35, "Top Range": 37, "Scaled Score": 11, "Percentile Rank": 63}, {"Gender": "Male", "Age Group": "Ages 8-17", "Type": "Inattention", "Bottom Range": 38, "Top Range": 39, "Scaled Score": 12, "Percentile Rank": 75}, {"Gender": "Male", "Age Group": "Ages 8-17", "Type": "Inattention", "Bottom Range": 40, "Top Range": 41, "Scaled Score": 13, "Percentile Rank": 84}, {"Gender": "Male", "Age Group": "Ages 8-17", "Type": "Inattention", "Bottom Range": 42, "Top Range": 42, "Scaled Score": 14, "Percentile Rank": 91}, {"Gender": "Male", "Age Group": "Ages 8-17", "Type": "Hyperactivity", "Bottom Range": 0, "Top Range": 1, "Scaled Score": 2, "Percentile Rank": "<1"}, {"Gender": "Male", "Age Group": "Ages 8-17", "Type": "Hyperactivity", "Bottom Range": 2, "Top Range": 4, "Scaled Score": 3, "Percentile Rank": 1}, {"Gender": "Male", "Age Group": "Ages 8-17", "Type": "Hyperactivity", "Bottom Range": 5, "Top Range": 9, "Scaled Score": 4, "Percentile Rank": 2}, {"Gender": "Male", "Age Group": "Ages 8-17", "Type": "Hyperactivity", "Bottom Range": 10, "Top Range": 15, "Scaled Score": 5, "Percentile Rank": 3}, {"Gender": "Male", "Age Group": "Ages 8-17", "Type": "Hyperactivity", "Bottom Range": 16, "Top Range": 21, "Scaled Score": 6, "Percentile Rank": 9}, {"Gender": "Male", "Age Group": "Ages 8-17", "Type": "Hyperactivity", "Bottom Range": 22, "Top Range": 26, "Scaled Score": 7, "Percentile Rank": 16}, {"Gender": "Male", "Age Group": "Ages 8-17", "Type": "Hyperactivity", "Bottom Range": 27, "Top Range": 31, "Scaled Score": 8, "Percentile Rank": 25}, {"Gender": "Male", "Age Group": "Ages 8-17", "Type": "Hyperactivity", "Bottom Range": 32, "Top Range": 36, "Scaled Score": 9, "Percentile Rank": 37}, {"Gender": "Male", "Age Group": "Ages 8-17", "Type": "Hyperactivity", "Bottom Range": 37, "Top Range": 42, "Scaled Score": 10, "Percentile Rank": 50}, {"Gender": "Male", "Age Group": "Ages 8-17", "Type": "Hyperactivity", "Bottom Range": 43, "Top Range": 47, "Scaled Score": 11, "Percentile Rank": 63}, {"Gender": "Male", "Age Group": "Ages 8-17", "Type": "Hyperactivity", "Bottom Range": 48, "Top Range": 51, "Scaled Score": 12, "Percentile Rank": 75}, {"Gender": "Male", "Age Group": "Ages 8-17", "Type": "Hyperactivity", "Bottom Range": 52, "Top Range": 54, "Scaled Score": 13, "Percentile Rank": 84}, {"Gender": "Male", "Age Group": "Ages 8-17", "Type": "Hyperactivity", "Bottom Range": 55, "Top Range": 57, "Scaled Score": 14, "Percentile Rank": 91}, {"Gender": "Female", "Age Group": "Ages 5-7", "Type": "Inattention", "Bottom Range": 0, "Top Range": 1, "Scaled Score": 3, "Percentile Rank": 1}, {"Gender": "Female", "Age Group": "Ages 5-7", "Type": "Inattention", "Bottom Range": 2, "Top Range": 8, "Scaled Score": 4, "Percentile Rank": 2}, {"Gender": "Female", "Age Group": "Ages 5-7", "Type": "Inattention", "Bottom Range": 9, "Top Range": 13, "Scaled Score": 5, "Percentile Rank": 3}, {"Gender": "Female", "Age Group": "Ages 5-7", "Type": "Inattention", "Bottom Range": 14, "Top Range": 17, "Scaled Score": 6, "Percentile Rank": 9}, {"Gender": "Female", "Age Group": "Ages 5-7", "Type": "Inattention", "Bottom Range": 18, "Top Range": 21, "Scaled Score": 7, "Percentile Rank": 16}, {"Gender": "Female", "Age Group": "Ages 5-7", "Type": "Inattention", "Bottom Range": 22, "Top Range": 26, "Scaled Score": 8, "Percentile Rank": 25}, {"Gender": "Female", "Age Group": "Ages 5-7", "Type": "Inattention", "Bottom Range": 27, "Top Range": 31, "Scaled Score": 9, "Percentile Rank": 37}, {"Gender": "Female", "Age Group": "Ages 5-7", "Type": "Inattention", "Bottom Range": 32, "Top Range": 34, "Scaled Score": 10, "Percentile Rank": 50}, {"Gender": "Female", "Age Group": "Ages 5-7", "Type": "Inattention", "Bottom Range": 35, "Top Range": 37, "Scaled Score": 11, "Percentile Rank": 63}, {"Gender": "Female", "Age Group": "Ages 5-7", "Type": "Inattention", "Bottom Range": 38, "Top Range": 40, "Scaled Score": 12, "Percentile Rank": 75}, {"Gender": "Female", "Age Group": "Ages 5-7", "Type": "Inattention", "Bottom Range": 41, "Top Range": 41, "Scaled Score": 13, "Percentile Rank": 84}, {"Gender": "Female", "Age Group": "Ages 5-7", "Type": "Inattention", "Bottom Range": 42, "Top Range": 42, "Scaled Score": 14, "Percentile Rank": 91}, {"Gender": "Female", "Age Group": "Ages 5-7", "Type": "Hyperactivity", "Bottom Range": 0, "Top Range": 0, "Scaled Score": 1, "Percentile Rank": "<1"}, {"Gender": "Female", "Age Group": "Ages 5-7", "Type": "Hyperactivity", "Bottom Range": 1, "Top Range": 2, "Scaled Score": 2, "Percentile Rank": "<1"}, {"Gender": "Female", "Age Group": "Ages 5-7", "Type": "Hyperactivity", "Bottom Range": 3, "Top Range": 6, "Scaled Score": 3, "Percentile Rank": 1}, {"Gender": "Female", "Age Group": "Ages 5-7", "Type": "Hyperactivity", "Bottom Range": 7, "Top Range": 11, "Scaled Score": 4, "Percentile Rank": 2}, {"Gender": "Female", "Age Group": "Ages 5-7", "Type": "Hyperactivity", "Bottom Range": 12, "Top Range": 15, "Scaled Score": 5, "Percentile Rank": 3}, {"Gender": "Female", "Age Group": "Ages 5-7", "Type": "Hyperactivity", "Bottom Range": 16, "Top Range": 20, "Scaled Score": 6, "Percentile Rank": 9}, {"Gender": "Female", "Age Group": "Ages 5-7", "Type": "Hyperactivity", "Bottom Range": 21, "Top Range": 25, "Scaled Score": 7, "Percentile Rank": 16}, {"Gender": "Female", "Age Group": "Ages 5-7", "Type": "Hyperactivity", "Bottom Range": 26, "Top Range": 30, "Scaled Score": 8, "Percentile Rank": 25}, {"Gender": "Female", "Age Group": "Ages 5-7", "Type": "Hyperactivity", "Bottom Range": 31, "Top Range": 35, "Scaled Score": 9, "Percentile Rank": 37}, {"Gender": "Female", "Age Group": "Ages 5-7", "Type": "Hyperactivity", "Bottom Range": 36, "Top Range": 40, "Scaled Score": 10, "Percentile Rank": 50}, {"Gender": "Female", "Age Group": "Ages 5-7", "Type": "Hyperactivity", "Bottom Range": 41, "Top Range": 44, "Scaled Score": 11, "Percentile Rank": 63}, {"Gender": "Female", "Age Group": "Ages 5-7", "Type": "Hyperactivity", "Bottom Range": 45, "Top Range": 48, "Scaled Score": 12, "Percentile Rank": 75}, {"Gender": "Female", "Age Group": "Ages 5-7", "Type": "Hyperactivity", "Bottom Range": 49, "Top Range": 53, "Scaled Score": 13, "Percentile Rank": 84}, {"Gender": "Female", "Age Group": "Ages 5-7", "Type": "Hyperactivity", "Bottom Range": 54, "Top Range": 57, "Scaled Score": 14, "Percentile Rank": 91}, {"Gender": "Female", "Age Group": "Ages 8-17", "Type": "Inattention", "Bottom Range": 0, "Top Range": 1, "Scaled Score": 3, "Percentile Rank": 1}, {"Gender": "Female", "Age Group": "Ages 8-17", "Type": "Inattention", "Bottom Range": 2, "Top Range": 8, "Scaled Score": 4, "Percentile Rank": 2}, {"Gender": "Female", "Age Group": "Ages 8-17", "Type": "Inattention", "Bottom Range": 9, "Top Range": 13, "Scaled Score": 5, "Percentile Rank": 3}, {"Gender": "Female", "Age Group": "Ages 8-17", "Type": "Inattention", "Bottom Range": 14, "Top Range": 17, "Scaled Score": 6, "Percentile Rank": 9}, {"Gender": "Female", "Age Group": "Ages 8-17", "Type": "Inattention", "Bottom Range": 18, "Top Range": 21, "Scaled Score": 7, "Percentile Rank": 16}, {"Gender": "Female", "Age Group": "Ages 8-17", "Type": "Inattention", "Bottom Range": 22, "Top Range": 26, "Scaled Score": 8, "Percentile Rank": 25}, {"Gender": "Female", "Age Group": "Ages 8-17", "Type": "Inattention", "Bottom Range": 27, "Top Range": 31, "Scaled Score": 9, "Percentile Rank": 37}, {"Gender": "Female", "Age Group": "Ages 8-17", "Type": "Inattention", "Bottom Range": 32, "Top Range": 34, "Scaled Score": 10, "Percentile Rank": 50}, {"Gender": "Female", "Age Group": "Ages 8-17", "Type": "Inattention", "Bottom Range": 35, "Top Range": 37, "Scaled Score": 11, "Percentile Rank": 63}, {"Gender": "Female", "Age Group": "Ages 8-17", "Type": "Inattention", "Bottom Range": 38, "Top Range": 40, "Scaled Score": 12, "Percentile Rank": 75}, {"Gender": "Female", "Age Group": "Ages 8-17", "Type": "Inattention", "Bottom Range": 41, "Top Range": 41, "Scaled Score": 13, "Percentile Rank": 84}, {"Gender": "Female", "Age Group": "Ages 8-17", "Type": "Inattention", "Bottom Range": 42, "Top Range": 42, "Scaled Score": 14, "Percentile Rank": 91}, {"Gender": "Female", "Age Group": "Ages 8-17", "Type": "Hyperactivity", "Bottom Range": 0, "Top Range": 0, "Scaled Score": 2, "Percentile Rank": "<1"}, {"Gender": "Female", "Age Group": "Ages 8-17", "Type": "Hyperactivity", "Bottom Range": 1, "Top Range": 2, "Scaled Score": 3, "Percentile Rank": 1}, {"Gender": "Female", "Age Group": "Ages 8-17", "Type": "Hyperactivity", "Bottom Range": 3, "Top Range": 6, "Scaled Score": 4, "Percentile Rank": 2}, {"Gender": "Female", "Age Group": "Ages 8-17", "Type": "Hyperactivity", "Bottom Range": 7, "Top Range": 11, "Scaled Score": 5, "Percentile Rank": 3}, {"Gender": "Female", "Age Group": "Ages 8-17", "Type": "Hyperactivity", "Bottom Range": 12, "Top Range": 15, "Scaled Score": 6, "Percentile Rank": 9}, {"Gender": "Female", "Age Group": "Ages 8-17", "Type": "Hyperactivity", "Bottom Range": 16, "Top Range": 20, "Scaled Score": 7, "Percentile Rank": 16}, {"Gender": "Female", "Age Group": "Ages 8-17", "Type": "Hyperactivity", "Bottom Range": 21, "Top Range": 25, "Scaled Score": 8, "Percentile Rank": 25}, {"Gender": "Female", "Age Group": "Ages 8-17", "Type": "Hyperactivity", "Bottom Range": 26, "Top Range": 30, "Scaled Score": 9, "Percentile Rank": 37}, {"Gender": "Female", "Age Group": "Ages 8-17", "Type": "Hyperactivity", "Bottom Range": 31, "Top Range": 35, "Scaled Score": 10, "Percentile Rank": 50}, {"Gender": "Female", "Age Group": "Ages 8-17", "Type": "Hyperactivity", "Bottom Range": 36, "Top Range": 41, "Scaled Score": 11, "Percentile Rank": 63}, {"Gender": "Female", "Age Group": "Ages 8-17", "Type": "Hyperactivity", "Bottom Range": 42, "Top Range": 46, "Scaled Score": 12, "Percentile Rank": 75}, {"Gender": "Female", "Age Group": "Ages 8-17", "Type": "Hyperactivity", "Bottom Range": 47, "Top Range": 51, "Scaled Score": 13, "Percentile Rank": 84}, {"Gender": "Female", "Age Group": "Ages 8-17", "Type": "Hyperactivity", "Bottom Range": 52, "Top Range": 55, "Scaled Score": 14, "Percentile Rank": 91}, {"Gender": "Female", "Age Group": "Ages 8-17", "Type": "Hyperactivity", "Bottom Range": 56, "Top Range": 57, "Scaled Score": 15, "Percentile Rank": 95}]