[{"Percentile Rank": 2, "Raw Score Lower": 0, "Raw Score Upper": 3, "Type": "Restricted/Repetitive Behaviors", "Scaled Score": 4}, {"Percentile Rank": 3, "Raw Score Lower": 4, "Raw Score Upper": 6, "Type": "Restricted/Repetitive Behaviors", "Scaled Score": 5}, {"Percentile Rank": 9, "Raw Score Lower": 7, "Raw Score Upper": 9, "Type": "Restricted/Repetitive Behaviors", "Scaled Score": 6}, {"Percentile Rank": 16, "Raw Score Lower": 10, "Raw Score Upper": 13, "Type": "Restricted/Repetitive Behaviors", "Scaled Score": 7}, {"Percentile Rank": 25, "Raw Score Lower": 14, "Raw Score Upper": 16, "Type": "Restricted/Repetitive Behaviors", "Scaled Score": 8}, {"Percentile Rank": 37, "Raw Score Lower": 17, "Raw Score Upper": 19, "Type": "Restricted/Repetitive Behaviors", "Scaled Score": 9}, {"Percentile Rank": "50", "Raw Score Lower": 20, "Raw Score Upper": 22, "Type": "Restricted/Repetitive Behaviors", "Scaled Score": 10}, {"Percentile Rank": "63", "Raw Score Lower": 23, "Raw Score Upper": 26, "Type": "Restricted/Repetitive Behaviors", "Scaled Score": 11}, {"Percentile Rank": "75", "Raw Score Lower": 27, "Raw Score Upper": 29, "Type": "Restricted/Repetitive Behaviors", "Scaled Score": 12}, {"Percentile Rank": "84", "Raw Score Lower": 30, "Raw Score Upper": 32, "Type": "Restricted/Repetitive Behaviors", "Scaled Score": 13}, {"Percentile Rank": "91", "Raw Score Lower": 33, "Raw Score Upper": 36, "Type": "Restricted/Repetitive Behaviors", "Scaled Score": 14}, {"Percentile Rank": "95", "Raw Score Lower": 37, "Raw Score Upper": 39, "Type": "Restricted/Repetitive Behaviors", "Scaled Score": 15}, {"Percentile Rank": "1", "Raw Score Lower": 0, "Raw Score Upper": 0, "Type": "Social Interaction", "Scaled Score": 3}, {"Percentile Rank": "2", "Raw Score Lower": 1, "Raw Score Upper": 4, "Type": "Social Interaction", "Scaled Score": 4}, {"Percentile Rank": "3", "Raw Score Lower": 5, "Raw Score Upper": 8, "Type": "Social Interaction", "Scaled Score": 5}, {"Percentile Rank": "9", "Raw Score Lower": 9, "Raw Score Upper": 12, "Type": "Social Interaction", "Scaled Score": 6}, {"Percentile Rank": "16", "Raw Score Lower": 13, "Raw Score Upper": 15, "Type": "Social Interaction", "Scaled Score": 7}, {"Percentile Rank": "25", "Raw Score Lower": 16, "Raw Score Upper": 19, "Type": "Social Interaction", "Scaled Score": 8}, {"Percentile Rank": "37", "Raw Score Lower": 20, "Raw Score Upper": 23, "Type": "Social Interaction", "Scaled Score": 9}, {"Percentile Rank": "50", "Raw Score Lower": 24, "Raw Score Upper": 27, "Type": "Social Interaction", "Scaled Score": 10}, {"Percentile Rank": "63", "Raw Score Lower": 28, "Raw Score Upper": 30, "Type": "Social Interaction", "Scaled Score": 11}, {"Percentile Rank": "75", "Raw Score Lower": 31, "Raw Score Upper": 34, "Type": "Social Interaction", "Scaled Score": 12}, {"Percentile Rank": "84", "Raw Score Lower": 35, "Raw Score Upper": 35, "Type": "Social Interaction", "Scaled Score": 13}, {"Percentile Rank": "91", "Raw Score Lower": 39, "Raw Score Upper": 42, "Type": "Social Interaction", "Scaled Score": 14}, {"Percentile Rank": "<1", "Raw Score Lower": 0, "Raw Score Upper": 1, "Type": "Social Communication", "Scaled Score": 2}, {"Percentile Rank": "1", "Raw Score Lower": 2, "Raw Score Upper": 4, "Type": "Social Communication", "Scaled Score": 3}, {"Percentile Rank": "2", "Raw Score Lower": 5, "Raw Score Upper": 8, "Type": "Social Communication", "Scaled Score": 4}, {"Percentile Rank": "3", "Raw Score Lower": 9, "Raw Score Upper": 11, "Type": "Social Communication", "Scaled Score": 5}, {"Percentile Rank": "9", "Raw Score Lower": 12, "Raw Score Upper": 13, "Type": "Social Communication", "Scaled Score": 6}, {"Percentile Rank": "16", "Raw Score Lower": 14, "Raw Score Upper": 16, "Type": "Social Communication", "Scaled Score": 7}, {"Percentile Rank": "25", "Raw Score Lower": 17, "Raw Score Upper": 18, "Type": "Social Communication", "Scaled Score": 8}, {"Percentile Rank": "37", "Raw Score Lower": 19, "Raw Score Upper": 21, "Type": "Social Communication", "Scaled Score": 9}, {"Percentile Rank": "50", "Raw Score Lower": 22, "Raw Score Upper": 23, "Type": "Social Communication", "Scaled Score": 10}, {"Percentile Rank": "63", "Raw Score Lower": 24, "Raw Score Upper": 25, "Type": "Social Communication", "Scaled Score": 11}, {"Percentile Rank": "75", "Raw Score Lower": 26, "Raw Score Upper": 27, "Type": "Social Communication", "Scaled Score": 12}, {"Percentile Rank": "1", "Raw Score Lower": 0, "Raw Score Upper": 1, "Type": "Emotional Responses", "Scaled Score": 3}, {"Percentile Rank": "2", "Raw Score Lower": 2, "Raw Score Upper": 4, "Type": "Emotional Responses", "Scaled Score": 4}, {"Percentile Rank": "3", "Raw Score Lower": 5, "Raw Score Upper": 6, "Type": "Emotional Responses", "Scaled Score": 5}, {"Percentile Rank": "9", "Raw Score Lower": 7, "Raw Score Upper": 8, "Type": "Emotional Responses", "Scaled Score": 6}, {"Percentile Rank": "16", "Raw Score Lower": 9, "Raw Score Upper": 10, "Type": "Emotional Responses", "Scaled Score": 7}, {"Percentile Rank": "25", "Raw Score Lower": 11, "Raw Score Upper": 12, "Type": "Emotional Responses", "Scaled Score": 8}, {"Percentile Rank": "37", "Raw Score Lower": 13, "Raw Score Upper": 14, "Type": "Emotional Responses", "Scaled Score": 9}, {"Percentile Rank": "50", "Raw Score Lower": 15, "Raw Score Upper": 16, "Type": "Emotional Responses", "Scaled Score": 10}, {"Percentile Rank": "63", "Raw Score Lower": 17, "Raw Score Upper": 18, "Type": "Emotional Responses", "Scaled Score": 11}, {"Percentile Rank": "75", "Raw Score Lower": 19, "Raw Score Upper": 20, "Type": "Emotional Responses", "Scaled Score": 12}, {"Percentile Rank": "84", "Raw Score Lower": 21, "Raw Score Upper": 22, "Type": "Emotional Responses", "Scaled Score": 13}, {"Percentile Rank": "91", "Raw Score Lower": 23, "Raw Score Upper": 24, "Type": "Emotional Responses", "Scaled Score": 14}, {"Percentile Rank": "3", "Raw Score Lower": 0, "Raw Score Upper": 0, "Type": "Cognitive Style", "Scaled Score": 5}, {"Percentile Rank": "9", "Raw Score Lower": 1, "Raw Score Upper": 1, "Type": "Cognitive Style", "Scaled Score": 6}, {"Percentile Rank": "16", "Raw Score Lower": 2, "Raw Score Upper": 3, "Type": "Cognitive Style", "Scaled Score": 7}, {"Percentile Rank": "25", "Raw Score Lower": 4, "Raw Score Upper": 6, "Type": "Cognitive Style", "Scaled Score": 8}, {"Percentile Rank": "37", "Raw Score Lower": 7, "Raw Score Upper": 8, "Type": "Cognitive Style", "Scaled Score": 9}, {"Percentile Rank": "50", "Raw Score Lower": 9, "Raw Score Upper": 10, "Type": "Cognitive Style", "Scaled Score": 10}, {"Percentile Rank": "63", "Raw Score Lower": 11, "Raw Score Upper": 13, "Type": "Cognitive Style", "Scaled Score": 11}, {"Percentile Rank": "75", "Raw Score Lower": 14, "Raw Score Upper": 15, "Type": "Cognitive Style", "Scaled Score": 12}, {"Percentile Rank": "84", "Raw Score Lower": 16, "Raw Score Upper": 17, "Type": "Cognitive Style", "Scaled Score": 13}, {"Percentile Rank": "91", "Raw Score Lower": 18, "Raw Score Upper": 19, "Type": "Cognitive Style", "Scaled Score": 14}, {"Percentile Rank": "95", "Raw Score Lower": 20, "Raw Score Upper": 21, "Type": "Cognitive Style", "Scaled Score": 15}, {"Percentile Rank": "3", "Raw Score Lower": 0, "Raw Score Upper": 0, "Type": "Maladaptive Speech", "Scaled Score": 5}, {"Percentile Rank": "9", "Raw Score Lower": 1, "Raw Score Upper": 2, "Type": "Maladaptive Speech", "Scaled Score": 6}, {"Percentile Rank": "16", "Raw Score Lower": 3, "Raw Score Upper": 4, "Type": "Maladaptive Speech", "Scaled Score": 7}, {"Percentile Rank": "25", "Raw Score Lower": 5, "Raw Score Upper": 5, "Type": "Maladaptive Speech", "Scaled Score": 8}, {"Percentile Rank": "37", "Raw Score Lower": 6, "Raw Score Upper": 7, "Type": "Maladaptive Speech", "Scaled Score": 9}, {"Percentile Rank": "50", "Raw Score Lower": 8, "Raw Score Upper": 9, "Type": "Maladaptive Speech", "Scaled Score": 10}, {"Percentile Rank": "63", "Raw Score Lower": 10, "Raw Score Upper": 11, "Type": "Maladaptive Speech", "Scaled Score": 11}, {"Percentile Rank": "75", "Raw Score Lower": 12, "Raw Score Upper": 13, "Type": "Maladaptive Speech", "Scaled Score": 12}, {"Percentile Rank": "84", "Raw Score Lower": 14, "Raw Score Upper": 15, "Type": "Maladaptive Speech", "Scaled Score": 13}, {"Percentile Rank": "91", "Raw Score Lower": 16, "Raw Score Upper": 16, "Type": "Maladaptive Speech", "Scaled Score": 14}, {"Percentile Rank": "95", "Raw Score Lower": 17, "Raw Score Upper": 18, "Type": "Maladaptive Speech", "Scaled Score": 15}, {"Percentile Rank": "98", "Raw Score Lower": 19, "Raw Score Upper": 20, "Type": "Maladaptive Speech", "Scaled Score": 16}, {"Percentile Rank": "99", "Raw Score Lower": 21, "Raw Score Upper": 21, "Type": "Maladaptive Speech", "Scaled Score": 17}]