[{"Percentile Rank": "96", "Scale Score": 55, "Type": "Sum of 4 subscales", "Autism Index": 126}, {"Percentile Rank": "95", "Scale Score": 54, "Type": "Sum of 4 subscales", "Autism Index": 125}, {"Percentile Rank": "94", "Scale Score": 53, "Type": "Sum of 4 subscales", "Autism Index": 123}, {"Percentile Rank": 92, "Scale Score": 52, "Type": "Sum of 4 subscales", "Autism Index": 121}, {"Percentile Rank": 90, "Scale Score": 51, "Type": "Sum of 4 subscales", "Autism Index": 119}, {"Percentile Rank": 89, "Scale Score": 50, "Type": "Sum of 4 subscales", "Autism Index": 118}, {"Percentile Rank": 86, "Scale Score": 49, "Type": "Sum of 4 subscales", "Autism Index": 116}, {"Percentile Rank": 82, "Scale Score": 48, "Type": "Sum of 4 subscales", "Autism Index": 114}, {"Percentile Rank": 79, "Scale Score": 47, "Type": "Sum of 4 subscales", "Autism Index": 112}, {"Percentile Rank": 77, "Scale Score": 46, "Type": "Sum of 4 subscales", "Autism Index": 111}, {"Percentile Rank": 73, "Scale Score": 45, "Type": "Sum of 4 subscales", "Autism Index": 109}, {"Percentile Rank": 68, "Scale Score": 44, "Type": "Sum of 4 subscales", "Autism Index": 107}, {"Percentile Rank": 65, "Scale Score": 43, "Type": "Sum of 4 subscales", "Autism Index": 106}, {"Percentile Rank": 61, "Scale Score": 42, "Type": "Sum of 4 subscales", "Autism Index": 104}, {"Percentile Rank": 55, "Scale Score": 41, "Type": "Sum of 4 subscales", "Autism Index": 102}, {"Percentile Rank": 50, "Scale Score": 40, "Type": "Sum of 4 subscales", "Autism Index": 100}, {"Percentile Rank": 47, "Scale Score": 39, "Type": "Sum of 4 subscales", "Autism Index": 99}, {"Percentile Rank": 42, "Scale Score": 38, "Type": "Sum of 4 subscales", "Autism Index": 97}, {"Percentile Rank": 37, "Scale Score": 37, "Type": "Sum of 4 subscales", "Autism Index": 95}, {"Percentile Rank": 32, "Scale Score": 36, "Type": "Sum of 4 subscales", "Autism Index": 93}, {"Percentile Rank": 30, "Scale Score": 35, "Type": "Sum of 4 subscales", "Autism Index": 92}, {"Percentile Rank": 25, "Scale Score": 34, "Type": "Sum of 4 subscales", "Autism Index": 90}, {"Percentile Rank": 21, "Scale Score": 33, "Type": "Sum of 4 subscales", "Autism Index": 88}, {"Percentile Rank": 18, "Scale Score": 32, "Type": "Sum of 4 subscales", "Autism Index": 86}, {"Percentile Rank": 16, "Scale Score": 31, "Type": "Sum of 4 subscales", "Autism Index": 85}, {"Percentile Rank": 13, "Scale Score": 30, "Type": "Sum of 4 subscales", "Autism Index": 83}, {"Percentile Rank": ">99", "Scale Score": 87, "Type": "Sum of 6 subscales", "Autism Index": 140}, {"Percentile Rank": ">99", "Scale Score": 86, "Type": "Sum of 6 subscales", "Autism Index": 139}, {"Percentile Rank": ">99", "Scale Score": 85, "Type": "Sum of 6 subscales", "Autism Index": 137}, {"Percentile Rank": ">99", "Scale Score": 84, "Type": "Sum of 6 subscales", "Autism Index": 136}, {"Percentile Rank": "99", "Scale Score": 83, "Type": "Sum of 6 subscales", "Autism Index": 134}, {"Percentile Rank": "99", "Scale Score": 82, "Type": "Sum of 6 subscales", "Autism Index": 133}, {"Percentile Rank": "99", "Scale Score": 81, "Type": "Sum of 6 subscales", "Autism Index": 131}, {"Percentile Rank": "98", "Scale Score": 80, "Type": "Sum of 6 subscales", "Autism Index": 130}, {"Percentile Rank": "98", "Scale Score": 79, "Type": "Sum of 6 subscales", "Autism Index": 128}, {"Percentile Rank": "97", "Scale Score": 78, "Type": "Sum of 6 subscales", "Autism Index": 127}, {"Percentile Rank": "95", "Scale Score": 77, "Type": "Sum of 6 subscales", "Autism Index": 125}, {"Percentile Rank": "95", "Scale Score": 76, "Type": "Sum of 6 subscales", "Autism Index": 124}, {"Percentile Rank": "93", "Scale Score": 75, "Type": "Sum of 6 subscales", "Autism Index": 122}, {"Percentile Rank": "92", "Scale Score": 74, "Type": "Sum of 6 subscales", "Autism Index": 121}, {"Percentile Rank": "91", "Scale Score": 73, "Type": "Sum of 6 subscales", "Autism Index": 120}, {"Percentile Rank": "89", "Scale Score": 72, "Type": "Sum of 6 subscales", "Autism Index": 118}, {"Percentile Rank": "87", "Scale Score": 71, "Type": "Sum of 6 subscales", "Autism Index": 117}, {"Percentile Rank": "84", "Scale Score": 70, "Type": "Sum of 6 subscales", "Autism Index": 115}, {"Percentile Rank": "82", "Scale Score": 69, "Type": "Sum of 6 subscales", "Autism Index": 114}, {"Percentile Rank": "79", "Scale Score": 68, "Type": "Sum of 6 subscales", "Autism Index": 112}, {"Percentile Rank": "77", "Scale Score": 67, "Type": "Sum of 6 subscales", "Autism Index": 111}, {"Percentile Rank": "73", "Scale Score": 66, "Type": "Sum of 6 subscales", "Autism Index": 109}, {"Percentile Rank": "70", "Scale Score": 65, "Type": "Sum of 6 subscales", "Autism Index": 108}, {"Percentile Rank": "65", "Scale Score": 64, "Type": "Sum of 6 subscales", "Autism Index": 106}, {"Percentile Rank": "63", "Scale Score": 63, "Type": "Sum of 6 subscales", "Autism Index": 105}, {"Percentile Rank": "58", "Scale Score": 62, "Type": "Sum of 6 subscales", "Autism Index": 103}, {"Percentile Rank": "55", "Scale Score": 61, "Type": "Sum of 6 subscales", "Autism Index": 102}, {"Percentile Rank": "50", "Scale Score": 60, "Type": "Sum of 6 subscales", "Autism Index": 100}, {"Percentile Rank": "47", "Scale Score": 59, "Type": "Sum of 6 subscales", "Autism Index": 99}, {"Percentile Rank": "42", "Scale Score": 58, "Type": "Sum of 6 subscales", "Autism Index": 97}, {"Percentile Rank": "39", "Scale Score": 57, "Type": "Sum of 6 subscales", "Autism Index": 96}, {"Percentile Rank": "35", "Scale Score": 56, "Type": "Sum of 6 subscales", "Autism Index": 94}, {"Percentile Rank": "32", "Scale Score": 55, "Type": "Sum of 6 subscales", "Autism Index": 93}, {"Percentile Rank": "30", "Scale Score": 54, "Type": "Sum of 6 subscales", "Autism Index": 92}, {"Percentile Rank": "25", "Scale Score": 53, "Type": "Sum of 6 subscales", "Autism Index": 90}, {"Percentile Rank": "23", "Scale Score": 52, "Type": "Sum of 6 subscales", "Autism Index": 89}, {"Percentile Rank": "19", "Scale Score": 51, "Type": "Sum of 6 subscales", "Autism Index": 87}, {"Percentile Rank": "18", "Scale Score": 50, "Type": "Sum of 6 subscales", "Autism Index": 86}, {"Percentile Rank": "14", "Scale Score": 49, "Type": "Sum of 6 subscales", "Autism Index": 84}, {"Percentile Rank": "13", "Scale Score": 48, "Type": "Sum of 6 subscales", "Autism Index": 83}, {"Percentile Rank": 10, "Scale Score": 47, "Type": "Sum of 6 subscales", "Autism Index": 81}, {"Percentile Rank": 10, "Scale Score": 29, "Type": "Sum of 4 subscales", "Autism Index": 81}, {"Percentile Rank": 9, "Scale Score": 46, "Type": "Sum of 6 subscales", "Autism Index": 80}, {"Percentile Rank": 8, "Scale Score": 28, "Type": "Sum of 4 subscales", "Autism Index": 79}, {"Percentile Rank": 7, "Scale Score": 27, "Type": "Sum of 4 subscales", "Autism Index": 78}, {"Percentile Rank": 7, "Scale Score": 45, "Type": "Sum of 6 subscales", "Autism Index": 78}, {"Percentile Rank": 6, "Scale Score": 44, "Type": "Sum of 6 subscales", "Autism Index": 77}, {"Percentile Rank": 5, "Scale Score": 26, "Type": "Sum of 4 subscales", "Autism Index": 76}, {"Percentile Rank": 5, "Scale Score": 43, "Type": "Sum of 6 subscales", "Autism Index": 75}, {"Percentile Rank": 4, "Scale Score": 25, "Type": "Sum of 4 subscales", "Autism Index": 74}, {"Percentile Rank": 4, "Scale Score": 42, "Type": "Sum of 6 subscales", "Autism Index": 74}, {"Percentile Rank": 3, "Scale Score": 24, "Type": "Sum of 4 subscales", "Autism Index": 73}, {"Percentile Rank": 3, "Scale Score": 41, "Type": "Sum of 6 subscales", "Autism Index": 72}, {"Percentile Rank": 3, "Scale Score": 23, "Type": "Sum of 4 subscales", "Autism Index": 71}, {"Percentile Rank": 3, "Scale Score": 40, "Type": "Sum of 6 subscales", "Autism Index": 71}, {"Percentile Rank": 2, "Scale Score": 22, "Type": "Sum of 4 subscales", "Autism Index": 69}, {"Percentile Rank": 2, "Scale Score": 39, "Type": "Sum of 6 subscales", "Autism Index": 69}, {"Percentile Rank": 1, "Scale Score": 38, "Type": "Sum of 6 subscales", "Autism Index": 68}, {"Percentile Rank": 1, "Scale Score": 21, "Type": "Sum of 4 subscales", "Autism Index": 67}, {"Percentile Rank": 1, "Scale Score": 20, "Type": "Sum of 4 subscales", "Autism Index": 66}, {"Percentile Rank": 1, "Scale Score": 37, "Type": "Sum of 6 subscales", "Autism Index": 66}, {"Percentile Rank": 1, "Scale Score": 36, "Type": "Sum of 6 subscales", "Autism Index": 65}, {"Percentile Rank": "<1", "Scale Score": 19, "Type": "Sum of 4 subscales", "Autism Index": 64}, {"Percentile Rank": "<1", "Scale Score": 35, "Type": "Sum of 6 subscales", "Autism Index": 63}, {"Percentile Rank": "<1", "Scale Score": 18, "Type": "Sum of 4 subscales", "Autism Index": 62}, {"Percentile Rank": "<1", "Scale Score": 34, "Type": "Sum of 6 subscales", "Autism Index": 62}, {"Percentile Rank": "<1", "Scale Score": 33, "Type": "Sum of 6 subscales", "Autism Index": 61}, {"Percentile Rank": "<1", "Scale Score": 17, "Type": "Sum of 4 subscales", "Autism Index": 60}, {"Percentile Rank": "<1", "Scale Score": 16, "Type": "Sum of 4 subscales", "Autism Index": 59}, {"Percentile Rank": "<1", "Scale Score": 32, "Type": "Sum of 6 subscales", "Autism Index": 59}, {"Percentile Rank": "<1", "Scale Score": 31, "Type": "Sum of 6 subscales", "Autism Index": 58}, {"Percentile Rank": "<1", "Scale Score": 15, "Type": "Sum of 4 subscales", "Autism Index": 57}, {"Percentile Rank": "<1", "Scale Score": 30, "Type": "Sum of 6 subscales", "Autism Index": 56}, {"Percentile Rank": "<1", "Scale Score": 14, "Type": "Sum of 4 subscales", "Autism Index": 55}, {"Percentile Rank": "<1", "Scale Score": 29, "Type": "Sum of 6 subscales", "Autism Index": 55}, {"Percentile Rank": "<1", "Scale Score": 13, "Type": "Sum of 4 subscales", "Autism Index": 53}, {"Percentile Rank": "<1", "Scale Score": 28, "Type": "Sum of 6 subscales", "Autism Index": 53}, {"Percentile Rank": "<1", "Scale Score": 12, "Type": "Sum of 4 subscales", "Autism Index": 52}, {"Percentile Rank": "<1", "Scale Score": 27, "Type": "Sum of 4 subscales", "Autism Index": 52}, {"Percentile Rank": "<1", "Scale Score": "<12", "Type": "Sum of 4 subscales", "Autism Index": 50}, {"Percentile Rank": "<1", "Scale Score": 26, "Type": "Sum of 6 subscales", "Autism Index": 50}, {"Percentile Rank": "<1", "Scale Score": 25, "Type": "Sum of 6 subscales", "Autism Index": 49}, {"Percentile Rank": "<1", "Scale Score": 24, "Type": "Sum of 6 subscales", "Autism Index": 47}, {"Percentile Rank": "<1", "Scale Score": 23, "Type": "Sum of 6 subscales", "Autism Index": 46}, {"Percentile Rank": "<1", "Scale Score": 22, "Type": "Sum of 6 subscales", "Autism Index": 44}, {"Percentile Rank": "<1", "Scale Score": 21, "Type": "Sum of 6 subscales", "Autism Index": 43}]