{"name":"Chris", "gender":"Male", "age_group" : "Ages 5-7","ADHDT Form":"Input Files\/clients\/active\/PaxOls\/adhdt\\2024.5.15 AleMap ADHDT-2.pdf","Question 1":4,"Question 2":3,"Question 3":3,"Question 4":3,"Question 5":3,"Question 6":3,"Question 7":4,"Question 8":3,"Question 9":3,"Question 10":4,"Question 11":2,"Question 12":2,"Question 13":3,"Question 14":4,"Question 15":2,"Question 16":2,"Question 17":3,"Question 18":3,"Question 19":3,"Question 20":3,"Question 21":2,"Question 22":2,"Question 23":3,"Question 24":4,"Question 25":3,"Question 26":2,"Question 27":2,"Question 28":3,"Question 29":1,"Question 30":1,"Question 31":4,"Question 32":4,"Question 33":4}