[{"GARS Form":"Input Files\/clients\/active\/PaxOls\/gars\\2024.5.15 AleMap GARS 3.pdf","Question 1":1,"Question 2":1,"Question 3":1,"Question 4":1,"Question 5":1,"Question 6":1,"Question 7":2,"Question 8":1,"Question 9":1,"Question 10":1,"Question 11":1,"Question 12":1,"Question 13":1,"Question 14":1,"Question 15":1,"Question 16":1,"Question 17":1,"Question 18":1,"Question 19":1,"Question 20":1,"Question 21":1,"Question 22":1,"Question 23":1,"Question 24":1,"Question 25":1,"Question 26":1,"Question 27":1,"Question 28":1,"Question 29":1,"Question 30":1,"Question 31":2,"Question 32":1,"Question 33":1,"Question 34":2,"Question 35":2,"Question 36":1,"Question 37":3,"Question 38":3,"Question 39":3,"Question 40":3,"Question 41":2,"Question 42":1,"Question 43":3,"Question 44":3,"Is the individual mute?":2,"Question 45":1,"Question 46":1,"Question 47":1,"Question 48":1,"Question 49":1,"Question 50":1,"Question 51":2,"Question 52":1,"Question 53":1,"Question 54":1,"Question 55":1,"Question 56":1,"Question 57":1,"Question 58":1}]