[{"ADHDT Form":"\/Users\/johnbridges\/Dropbox\/NewHope Psychology\/JoyConsulting\/GateInc\/ExpertReports\/clients\/active\/JosHar\/adhdt\/2024.6.7. JosHar ADHDT-2.pdf","Question 1":3,"Question 2":3,"Question 3":3,"Question 4":3,"Question 5":3,"Question 6":2,"Question 7":3,"Question 8":3,"Question 9":3,"Question 10":1,"Question 11":1,"Question 12":1,"Question 13":1,"Question 14":1,"Question 15":3,"Question 16":3,"Question 17":3,"Question 18":3,"Question 19":3,"Question 20":3,"Question 21":3,"Question 22":3,"Question 23":2,"Question 24":2,"Question 25":2,"Question 26":2,"Question 27":2,"Question 28":2,"Question 29":3,"Question 30":2,"Question 31":3,"Question 32":3,"Question 33":3}]