{"adhd_index_male" :[
    {"sum_of_scores": 3, "percentile": "<1", "adhd_index": 50},
    {"sum_of_scores": 4, "percentile": "<1", "adhd_index": 53},
    {"sum_of_scores": 5, "percentile": "<1", "adhd_index": 56},
    {"sum_of_scores": 6, "percentile": "<1", "adhd_index": 59},
    {"sum_of_scores": 7, "percentile": 1, "adhd_index": 62},
    {"sum_of_scores": 8, "percentile": 1, "adhd_index": 65},
    {"sum_of_scores": 9, "percentile": 2, "adhd_index": 68},
    {"sum_of_scores": 10, "percentile": 3, "adhd_index": 71},
    {"sum_of_scores": 11, "percentile": 4, "adhd_index": 74},
    {"sum_of_scores": 12, "percentile": 6, "adhd_index": 77},
    {"sum_of_scores": 13, "percentile": 9, "adhd_index": 80},
    {"sum_of_scores": 14, "percentile": 13, "adhd_index": 83},
    {"sum_of_scores": 15, "percentile": 18, "adhd_index": 86},
    {"sum_of_scores": 16, "percentile": 23, "adhd_index": 89},
    {"sum_of_scores": 17, "percentile": 27, "adhd_index": 92},
    {"sum_of_scores": 18, "percentile": 34, "adhd_index": 95},
    {"sum_of_scores": 19, "percentile": 42, "adhd_index": 98},
    {"sum_of_scores": 20, "percentile": 50, "adhd_index": 101},
    {"sum_of_scores": 21, "percentile": 58, "adhd_index": 104},
    {"sum_of_scores": 22, "percentile": 66, "adhd_index": 107},
    {"sum_of_scores": 23, "percentile": 73, "adhd_index": 110},
    {"sum_of_scores": 24, "percentile": 79, "adhd_index": 113},
    {"sum_of_scores": 25, "percentile": 84, "adhd_index": 116},
    {"sum_of_scores": 26, "percentile": 88, "adhd_index": 119},
    {"sum_of_scores": 27, "percentile": 92, "adhd_index": 122},
    {"sum_of_scores": 28, "percentile": 95, "adhd_index": 125}
],
"adhd_index_female":[
    {"sum_of_scores": 4, "percentile": "<1", "adhd_index": 56},
    {"sum_of_scores": 5, "percentile": "<1", "adhd_index": 59},
    {"sum_of_scores": 6, "percentile": "<1", "adhd_index": 62},
    {"sum_of_scores": 7, "percentile": "<1", "adhd_index": 65},
    {"sum_of_scores": 8, "percentile": 1, "adhd_index": 67},
    {"sum_of_scores": 9, "percentile": 1, "adhd_index": 70},
    {"sum_of_scores": 10, "percentile": 2, "adhd_index": 73},
    {"sum_of_scores": 11, "percentile": 3, "adhd_index": 76},
    {"sum_of_scores": 12, "percentile": 4, "adhd_index": 78},
    {"sum_of_scores": 13, "percentile": 6, "adhd_index": 81},
    {"sum_of_scores": 14, "percentile": 9, "adhd_index": 84},
    {"sum_of_scores": 15, "percentile": 13, "adhd_index": 87},
    {"sum_of_scores": 16, "percentile": 18, "adhd_index": 89},
    {"sum_of_scores": 17, "percentile": 23, "adhd_index": 92},
    {"sum_of_scores": 18, "percentile": 27, "adhd_index": 95},
    {"sum_of_scores": 19, "percentile": 34, "adhd_index": 97},
    {"sum_of_scores": 20, "percentile": 42, "adhd_index": 100},
    {"sum_of_scores": 21, "percentile": 50, "adhd_index": 103},
    {"sum_of_scores": 22, "percentile": 58, "adhd_index": 106},
    {"sum_of_scores": 23, "percentile": 66, "adhd_index": 108},
    {"sum_of_scores": 24, "percentile": 73, "adhd_index": 111},
    {"sum_of_scores": 25, "percentile": 79, "adhd_index": 114},
    {"sum_of_scores": 26, "percentile": 84, "adhd_index": 117},
    {"sum_of_scores": 27, "percentile": 88, "adhd_index": 119},
    {"sum_of_scores": 28, "percentile": 92, "adhd_index": 122},
    {"sum_of_scores": 29, "percentile": 95, "adhd_index": 125}
]
}
