{
  "Scores": {
    "All ages": [
      { "score": "54.5", "t_score": 70, "percentile": ">97" },
      { "score": "54", "t_score": 70, "percentile": ">97" },
      { "score": "53.5", "t_score": 69, "percentile": 97 },
      { "score": "52", "t_score": 68, "percentile": 96 },
      { "score": "51", "t_score": 67, "percentile": 96 },
      { "score": "50", "t_score": 66, "percentile": 95 },
      { "score": "49.5", "t_score": 65, "percentile": 93 },
      { "score": "49", "t_score": 64, "percentile": 92 },
      { "score": "48", "t_score": 63, "percentile": 90 },
      { "score": "47", "t_score": 62, "percentile": 88 },
      { "score": "46.5", "t_score": 61, "percentile": 86 },
      { "score": "45.5", "t_score": 60, "percentile": 84 },
      { "score": "44.5", "t_score": 59, "percentile": 82 },
      { "score": "44", "t_score": 58, "percentile": 79 },
      { "score": "43.5", "t_score": 57, "percentile": 76 },
      { "score": "42.5", "t_score": 56, "percentile": 72 },
      { "score": "42", "t_score": 55, "percentile": 69 },
      { "score": "41", "t_score": 54, "percentile": 65 },
      { "score": "40", "t_score": 53, "percentile": 62 },
      { "score": "39", "t_score": 52, "percentile": 58 },
      { "score": "38.5", "t_score": 52, "percentile": 58 },
      { "score": "38", "t_score": 51, "percentile": 54 },
      { "score": "37.5", "t_score": 50, "percentile": 50 },
      { "score": "37", "t_score": 49, "percentile": 46 },
      { "score": "36.5", "t_score": 48, "percentile": 42 },
      { "score": "36", "t_score": 47, "percentile": 38 },
      { "score": "35.5", "t_score": 47, "percentile": 38 },
      { "score": "35", "t_score": 46, "percentile": 35 },
      { "score": "34.5", "t_score": 46, "percentile": 35 },
      { "score": "34", "t_score": 45, "percentile": 31 },
      { "score": "33.5", "t_score": 45, "percentile": 31 },
      { "score": "33", "t_score": 44, "percentile": 28 },
      { "score": "32.5", "t_score": 43, "percentile": 24 },
      { "score": "32", "t_score": 42, "percentile": 21 },
      { "score": "31.5", "t_score": 42, "percentile": 21 },
      { "score": "31", "t_score": 41, "percentile": 19 },
      { "score": "30.5", "t_score": 41, "percentile": 19 },
      { "score": "30", "t_score": 40, "percentile": 16 },
      { "score": "29.5", "t_score": 40, "percentile": 16 },
      { "score": "29", "t_score": 39, "percentile": 14 },
      { "score": "28.5", "t_score": 39, "percentile": 14 },
      { "score": "28", "t_score": 38, "percentile": 12 },
      { "score": "27.5", "t_score": 38, "percentile": 12 },
      { "score": "27", "t_score": 37, "percentile": 10 },
      { "score": "26.5", "t_score": 37, "percentile": 10 },
      { "score": "26", "t_score": 36, "percentile": 8 },
      { "score": "25.5", "t_score": 36, "percentile": 8 },
      { "score": "25", "t_score": 35, "percentile": 7 },
      { "score": "24.5", "t_score": 35, "percentile": 7 },
      { "score": "24", "t_score": 34, "percentile": 6 },
      { "score": "23.5", "t_score": 34, "percentile": 6 },
      { "score": "23", "t_score": 33, "percentile": 5 },
      { "score": "22.5", "t_score": 32, "percentile": 4 },
      { "score": "22", "t_score": 32, "percentile": 4 },
      { "score": "21.5", "t_score": 31, "percentile": 3 },
      { "score": "21", "t_score": 31, "percentile": 3 },
      { "score": "20.5", "t_score": 29, "percentile": 2 },
      { "score": "20", "t_score": 29, "percentile": 2 },
      { "score": "19.5", "t_score": 28, "percentile": 1 },
      { "score": "19", "t_score": 28, "percentile": 1 },
      { "score": "18.5", "t_score": 27, "percentile": 1 },
      { "score": "18", "t_score": 26, "percentile": 1 },
      { "score": "17.5", "t_score": 25, "percentile": 1 },
      { "score": "17", "t_score": 24, "percentile": 1 },
      { "score": "16.5", "t_score": 23, "percentile": 1 },
      { "score": "16", "t_score": 22, "percentile": 1 },
      { "score": "15.5", "t_score": 21, "percentile": 1 },
      { "score": "15", "t_score": 20, "percentile": 1 }
    ],
    "Ages 2-12": [
  {"score": 54.5, "percentile": ">97", "t_score": ">70"},
  {"score": 54, "percentile": ">97", "t_score": 70},
  {"score": 53.5, "percentile": 97, "t_score": 69},
  {"score": 52.5, "percentile": 96, "t_score": 68},
  {"score": 51.5, "percentile": 96, "t_score": 67},
  {"score": 51, "percentile": 95, "t_score": 66},
  {"score": 50, "percentile": 93, "t_score": 65},
  {"score": 49.5, "percentile": 92, "t_score": 64},
  {"score": 48.5, "percentile": 90, "t_score": 63},
  {"score": 47.5, "percentile": 88, "t_score": 62},
  {"score": 46.5, "percentile": 86, "t_score": 61},
  {"score": 46, "percentile": 84, "t_score": 60},
  {"score": 45, "percentile": 82, "t_score": 59},
  {"score": 44.5, "percentile": 79, "t_score": 58},
  {"score": 44, "percentile": 76, "t_score": 57},
  {"score": 43, "percentile": 72, "t_score": 56},
  {"score": 42, "percentile": 69, "t_score": 55},
  {"score": 41.5, "percentile": 65, "t_score": 54},
  {"score": 40.5, "percentile": 62, "t_score": 53},
  {"score": 39.5, "percentile": 58, "t_score": 52},
  {"score": 39, "percentile": 54, "t_score": 51},
  {"score": 38, "percentile": 50, "t_score": 50},
  {"score": 37.5, "percentile": 46, "t_score": 49},
  {"score": 36.5, "percentile": 42, "t_score": 48},
  {"score": 35.5, "percentile": 38, "t_score": 47},
  {"score": 35, "percentile": 35, "t_score": 46},
  {"score": 34, "percentile": 31, "t_score": 45},
  {"score": 33.5, "percentile": 28, "t_score": 44},
  {"score": 32.5, "percentile": 24, "t_score": 43},
  {"score": 32, "percentile": 21, "t_score": 42},
  {"score": 31.5, "percentile": 19, "t_score": 41},
  {"score": 30.5, "percentile": 16, "t_score": 40},
  {"score": 30, "percentile": 14, "t_score": 39},
  {"score": 29, "percentile": 12, "t_score": 38},
  {"score": 28, "percentile": 10, "t_score": 37},
  {"score": 26, "percentile": 8, "t_score": 36},
  {"score": 25.5, "percentile": 7, "t_score": 35},
  {"score": 24.5, "percentile": 6, "t_score": 34},
  {"score": 24, "percentile": 5, "t_score": 33},
  {"score": 23.5, "percentile": 4, "t_score": 32},
  {"score": 23, "percentile": 3, "t_score": 31},
  {"score": 22, "percentile": 2, "t_score": 30},
  {"score": 21.5, "percentile": 1, "t_score": 28},
  {"score": 21, "percentile": "<1", "t_score": 27},
  {"score": 20.5, "percentile": "<1", "t_score": 26},
  {"score": 20, "percentile": "<1", "t_score": 25},
  {"score": 19.5, "percentile": "<1", "t_score": 23},
  {"score": 19, "percentile": "<1", "t_score": 20},
  {"score": "<19", "percentile": "<1", "t_score": "<20"}
]
,
    "Ages 13 and older": [
  {"score": 54.5, "percentile": ">97", "t_score": ">70"},
  {"score": 54, "percentile": ">97", "t_score": 70},
  {"score": 52, "percentile": 97, "t_score": 69},
  {"score": 49.5, "percentile": 96, "t_score": 68},
  {"score": 49, "percentile": 93, "t_score": 65},
  {"score": 47.5, "percentile": 92, "t_score": 64},
  {"score": 46, "percentile": 90, "t_score": 63},
  {"score": 45, "percentile": 88, "t_score": 62},
  {"score": 44, "percentile": 86, "t_score": 61},
  {"score": 43.5, "percentile": 82, "t_score": 59},
  {"score": 43, "percentile": 79, "t_score": 58},
  {"score": 42.5, "percentile": 76, "t_score": 57},
  {"score": 42, "percentile": 72, "t_score": 56},
  {"score": 41, "percentile": 69, "t_score": 55},
  {"score": 40, "percentile": 65, "t_score": 54},
  {"score": 39.5, "percentile": 62, "t_score": 53},
  {"score": 38.5, "percentile": 58, "t_score": 52},
  {"score": 37.5, "percentile": 54, "t_score": 51},
  {"score": 36.5, "percentile": 50, "t_score": 50},
  {"score": 35, "percentile": 46, "t_score": 49},
  {"score": 34, "percentile": 42, "t_score": 48},
  {"score": 33.5, "percentile": 38, "t_score": 47},
  {"score": 33, "percentile": 35, "t_score": 46},
  {"score": 32.5, "percentile": 31, "t_score": 45},
  {"score": 31, "percentile": 28, "t_score": 44},
  {"score": 30, "percentile": 24, "t_score": 43},
  {"score": 29, "percentile": 21, "t_score": 42},
  {"score": 27.5, "percentile": 19, "t_score": 41},
  {"score": 26.5, "percentile": 16, "t_score": 40},
  {"score": 26, "percentile": 14, "t_score": 39},
  {"score": 25, "percentile": 12, "t_score": 38},
  {"score": 23.5, "percentile": 10, "t_score": 37},
  {"score": 23, "percentile": 8, "t_score": 36},
  {"score": 21, "percentile": 7, "t_score": 35},
  {"score": 20.5, "percentile": 6, "t_score": 34},
  {"score": 20, "percentile": 2, "t_score": 30},
  {"score": 19.5, "percentile": "<1", "t_score": 25},
  {"score": 0, "percentile": "<1", "t_score": "<20"}
    ]
  }
}
