{
  "descriptive_mapping": {
    "0.5": "Appropriate",
    "1": "Appropriate",
    "1.5": "Appropriate to Mildly abnormal",
    "2": "Mildly abnormal",
    "2.5": "Mild to Moderately abnormal",
    "3": "Moderately abnormal",
    "3.5": "Moderate to Severely abnormal",
    "4": "Severely abnormal"
  },
  "score_mapping": {
    "1": 1,
    "2": 3,
    "3": 4,
    "4": 2,
    "5": 0,
    "-1": 0
  },
  "severity_ranges": [
    {
      "age_max": 100,
      "age_min": 14,
      "levels": [
        {
          "level": 0,
          "name": "None",
          "min": 0,
          "max": 15
        },
        {
          "level": 1,
          "name": "Minimal",
          "min": 15,
          "max": 28
        },
        {
          "level": 2,
          "name": "Mild to Moderate",
          "min": 28,
          "max": 35
        },
        {
          "level": 3,
          "name": "Severe",
          "min": 35,
          "max": 100
        }
      ]
    },
    {
      "age_max": 13,
      "age_min": 0,
      "levels": [
        {
          "level": 0,
          "name": "No Symptoms of ASD",
          "shortname": "none",
          "min": 0,
          "max": 15
        },
        {
          "level": 1,
          "name": "Minimal Symptoms of ASD",
          "shortname": "Minimal",
          "min": 15,
          "max": 29.5
        },
        {
          "level": 2,
          "name": "Mild to Moderate Symptoms of ASD",
          "shortname": "Mild to Moderate",
          "min": 29.5,
          "max": 36.5
        },
        {
          "level": 3,
          "name": "Severe Symptoms of ASD",
          "shortname": "Severe",
          "min": 37,
          "max": 100
        }
      ]
    }
  ],
  "CARS2": [
    {
      "questionid": 1,
      "question": "Relating to People",
      "qpc_items": [
        [
          2,
          5
        ],
        [
          3,
          4
        ],
        [
          4,
          4
        ],
        [
          11,
          5
        ],
        [
          12,
          4
        ],
        [
          13,
          3
        ],
        [
          14,
          4
        ],
        [
          15,
          5
        ],
        [
          16,
          4
        ],
        [
          17,
          5
        ],
        [
          18,
          4
        ],
        [
          19,
          5
        ]
      ]
    },
    {
      "questionid": 2,
      "question": "Imitation",
      "qpc_items": [
        [
          1,
          5
        ],
        [
          5,
          3
        ],
        [
          27,
          2
        ]
      ]
    },
    {
      "questionid": 3,
      "question": "Emotional Response",
      "qpc_items": [
        [
          4,
          3
        ],
        [
          18,
          4
        ],
        [
          19,
          4
        ],
        [
          28,
          5
        ],
        [
          29,
          5
        ]
      ]
    },
    {
      "questionid": 4,
      "question": "Body Use",
      "qpc_items": [
        [
          20,
          3
        ],
        [
          21,
          4
        ],
        [
          22,
          4
        ],
        [
          23,
          2
        ]
      ]
    },
    {
      "questionid": 5,
      "question": "Object Use",
      "qpc_items": [
        [
          24,
          3
        ],
        [
          25,
          4
        ],
        [
          26,
          3
        ],
        [
          27,
          2
        ]
      ]
    },
    {
      "questionid": 6,
      "question": "Adaptation to Change",
      "qpc_items": [
        [
          28,
          4
        ],
        [
          29,
          4
        ],
        [
          30,
          3
        ],
        [
          31,
          4
        ]
      ]
    },
    {
      "questionid": 7,
      "question": "Visual Response",
      "qpc_items": [
        [
          33,
          3
        ],
        [
          34,
          2
        ]
      ]
    },
    {
      "questionid": 8,
      "question": "Listening Response",
      "qpc_items": [
        [
          35,
          5
        ]
      ]
    },
    {
      "questionid": 9,
      "question": "Taste, Smell, and Touch Response and Use",
      "qpc_items": [
        [
          35,
          4
        ],
        [
          36,
          5
        ]
      ]
    },
    {
      "questionid": 10,
      "question": "Fear or Nervousness",
      "qpc_items": [
        [
          10,
          5
        ],
        [
          28,
          3
        ],
        [
          29,
          4
        ]
      ]
    },
    {
      "questionid": 11,
      "question": "Verbal Communication",
      "qpc_items": [
        [
          1,
          4
        ],
        [
          6,
          3
        ],
        [
          7,
          4
        ],
        [
          8,
          2
        ],
        [
          9,
          5
        ],
        [
          10,
          3
        ]
      ]
    },
    {
      "questionid": 12,
      "question": "Nonverbal Communication",
      "qpc_items": [
        [
          2,
          4
        ],
        [
          3,
          5
        ],
        [
          4,
          4
        ],
        [
          5,
          3
        ],
        [
          11,
          3
        ],
        [
          12,
          2
        ],
        [
          13,
          2
        ],
        [
          18,
          4
        ]
      ]
    },
    {
      "questionid": 13,
      "question": "Activity Level",
      "qpc_items": [
        [
          20,
          5
        ],
        [
          21,
          4
        ],
        [
          25,
          2
        ]
      ]
    },
    {
      "questionid": 14,
      "question": "Level and Consistency of Intellectual Response",
      "qpc_items": [
        [
          9,
          3
        ],
        [
          10,
          2
        ],
        [
          19,
          4
        ],
        [
          32,
          4
        ]
      ]
    },
    {
      "questionid": 15,
      "question": "General Impressions",
      "qpc_items": [
        [
          2,
          3
        ],
        [
          9,
          2
        ],
        [
          18,
          2
        ],
        [
          32,
          3
        ],
        [
          37,
          2
        ],
        [
          38,
          5
        ]

      ]
    }
  ]
}
