{
  "developmental_milestones": [
    {
      "milestone": "First Word Said",
      "mean_age_months": 12,
      "standard_deviation_months": 2.5,
      "sources": [
        {
          "name": "HealthyChildren.org",
          "url": "https://www.healthychildren.org"
        }
      ]
    },
    {
      "milestone": "Used 2-Word Phrases",
      "mean_age_months": 24,
      "standard_deviation_months": 3.5,
      "sources": [
        {
          "name": "American Speech-Language-Hearing Association",
          "url": "https://www.asha.org"
        }
      ]
    },
    {
      "milestone": "Understood and Followed Simple Directions",
      "mean_age_months": 21,
      "standard_deviation_months": 2.5,
      "sources": [
        {
          "name": "Centers for Disease Control and Prevention (CDC)",
          "url": "https://www.cdc.gov/ncbddd/actearly/milestones/index.html"
        }
      ]
    },
    {
      "milestone": "Toilet Training Age",
      "mean_age_months": 30,
      "standard_deviation_months": 6,
      "sources": [
        {
          "name": "Mayo Clinic",
          "url": "https://www.mayoclinic.org"
        }
      ]
    },
    {
      "milestone": "Walked Alone",
      "mean_age_months": 13.5,
      "standard_deviation_months": 2,
      "sources": [
        {
          "name": "American Academy of Pediatrics",
          "url": "https://www.healthychildren.org"
        }
      ]
    },
    {
      "milestone": "Crying Level",
      "mean_duration_hours_per_day": 2.5,
      "standard_deviation_hours_per_day": 1,
      "notes": "Crying duration varies significantly and typically decreases after the first year.",
      "sources": [
        {
          "name": "HealthyChildren.org",
          "url": "https://www.healthychildren.org"
        }
      ]
    }
  ]
}
