[{"ADHDT Form":"\/Users\/johnbridges\/Dropbox\/NewHope Psychology\/JoyConsulting\/GateInc\/ExpertReports\/clients\/active\/EliBak\/adhdt\/2024.6.10 EliBak ADHDT-2.pdf","Question 1":4,"Question 2":4,"Question 3":4,"Question 4":4,"Question 5":2,"Question 6":4,"Question 7":3,"Question 8":4,"Question 9":4,"Question 10":4,"Question 11":2,"Question 12":4,"Question 13":4,"Question 14":3,"Question 15":4,"Question 16":4,"Question 17":4,"Question 18":4,"Question 19":3,"Question 20":3,"Question 21":3,"Question 22":3,"Question 23":2,"Question 24":4,"Question 25":3,"Question 26":3,"Question 27":2,"Question 28":4,"Question 29":3,"Question 30":3,"Question 31":4,"Question 32":4,"Question 33":3}]