{
    "childs_information": {
        "first_name": "Paxtyn",
        "middle_initials": "J",
        "last_name": "Olson",
        "date_of_birth": "03/18/2008 (age 16)",
        "social_security_number": "520557274",
        "street_address": "1006 South Gurley Avenue",
        "state": "WY",
        "zip_code": "82716",
        "mobile_phone": "(307) 281-0853",
        "apt_unit_number": "",
        "city": "Gillette",
        "home_phone": "",
        "email": "corimwatts82721 @yahoo.com",
        "preferred_contact_method": "Mobile Phone",
        "may_we_leave_a_message": "Yes",
        "consent_to_receive_text_messages": "Yes",
        "consent_to_receive_emails": "Yes",
        "preferred_language": "English",
        "ethnicity": "White",
        "school": "None",
        "place_of_employment": "None",
        "guardian_biological_parent": "Yes"
    },
    "biological_parents_information": {
        "mothers_first_name": "Cori",
        "mothers_last_name": "Watts",
        "street_address": "1006 South Gurley Avenue",
        "apt_unit_number": "",
        "city": "Gillette",
        "state": "WY",
        "zip_code": "82716",
        "phone_number": "3072810853",
        "alternate_phone_number": "",
        "email": "Corimwatts82721 @yahoo.com",
        "fathers_first_name": "Geoffrey",
        "fathers_last_name": "Watts",
        "street_address": "Don't know",
        "apt_unit_number": "",
        "city": "Riverton",
        "state": "WY",
        "zip_code": "Don't know",
        "phone_number": "Don't know",
        "alternate_phone_number": "",
        "email": "Don't know",
        "parents_separated_or_divorced": "Yes",
        "other_individuals_involved_in_care": "N/A",
        "child_has_siblings": "Yes",
        "siblings": [
            {
                "first_name": "Devyn",
                "last_name": "Olson",
                "gender": "Female",
                "age": "27",
                "relationship_to_child": "Full"
            },
            {
                "first_name": "Paytyn",
                "last_name": "Watts",
                "gender": "Female",
                "age": "20",
                "relationship_to_child": "Full"
            }
        ]
    },
    "emergency_contact_information": {
        "emergency_contact_name": "Devyn olson",
        "address": "1006 South Gurley Avenue",
        "phone_number": "(307) 622-3629",
        "alt_phone_number": "",
        "relationship": "Sister"
    },
    "physicians_information": {
        "primary_care_doctor": "Don't have 1 yet",
        "referring_doctor": "Dr gilbert smith",
        "referring_doctor_phone": "(307) 688-5000",
        "medical_insurance": "Yes",
        "medicaid_plan": "Yes",
        "primary_insurance_company": "Medicaid",
        "primary_insurance_member_id_policy_number": "0600521009",
        "primary_insurance_group_number": "Don't know",
        "primary_insurance_subscriber_name": "Cori watts",
        "primary_insurance_subscriber_phone": "307.281.0853",
        "primary_insurance_subscriber_dob": "09/13/1973",
        "primary_insurance_subscriber_gender": "Female",
        "primary_insurance_subscriber_address": "1006 South Gurley Ave, Gillette, WY 82716",
        "secondary_insurance": "Yes",
        "secondary_insurance_company": "Medica",
        "secondary_insurance_member_id_policy_number": "741938",
        "secondary_insurance_group_number": "909011388",
        "secondary_insurance_subscriber_name": "Cori watts",
        "secondary_insurance_subscriber_phone": "307.281.0853",
        "secondary_insurance_subscriber_dob": "09/13/1973",
        "secondary_insurance_subscriber_gender": "Female",
        "secondary_insurance_subscriber_address": "1006 South Gurley Avenue, Gillette, WY 82716"
    },
    "symptom_problem_checklist": {
        "primary_concern": "She has autism tendencies",
        "symptoms": {
            "sleep_problems": "Very Frequently",
            "morbid_thoughts": "Rarely",
            "lack_of_interest_in_activities": "Very Frequently",
            "unassertive_suicidal_plans_attempts": "Rarely",
            "fatigue_low_energy": "Rarely",
            "mood_swings": "Occasionally",
            "concentration_problems": "Very Frequently",
            "depression": "Occasionally",
            "appetite": "Occasionally",
            "changed_level_of_activity": "Occasionally",
            "withdrawal": "Very Frequently",
            "hallucinations": "Rarely",
            "lying_stealing": "Occasionally",
            "trouble_with_the_law": "Rarely",
            "cries_easily": "Rarely",
            "forgetful_memory_problems": "Very Frequently",
            "talks_excessively_interrupts": "Occasionally",
            "short_attention_span": "Very Frequently",
            "easily_distracted": "Occasionally",
            "aggressive_behavior": "Rarely",
            "irritable": "Very Frequently",
            "cant_sit_still": "Rarely",
            "impulsive": "Rarely",
            "not_interested_in_peers": "Very Frequently",
            "difficulty_following_rules": "Rarely",
            "picked_on_bullied_by_peers": "Occasionally",
            "problems_completing_schoolwork": "Very Frequently",
            "being_destructive": "Rarely",
            "running_away": "Rarely",
            "fire_setting": "Rarely",
            "excessive_worry_fearfulness": "Very Frequently",
            "nightmares": "Rarely",
            "anxiety_or_panic_attacks": "Very Frequently",
            "frequent_tantrums": "Rarely",
            "social_fears_shyness": "Very Frequently",
            "resistive_to_change": "Very Frequently",
            "separation_problems": "Rarely",
            "school_refusal": "Very Frequently",
            "bed_wetting_soiling": "Rarely",
            "perfectionism": "Rarely",
            "headaches_stomachaches": "Occasionally",
            "odd_hand_motor_movements": "Rarely",
            "odd_beliefs_fantasizing": "Rarely",
            "truancy_skipping_school": "Very Frequently",
            "hurting_others_fighting": "Rarely",
            "hurting_others_sexually": "Rarely",
            "acts_as_if_has_no_fear": "Rarely",
            "alcohol_drug_abuse": "Rarely",
            "short_tempered": "Occasionally",
            "argumentative_defiant": "Rarely",
            "easily_annoyed_annoys_others": "Very Frequently",
            "swears": "Rarely",
            "discipline_problems": "Occasionally",
            "blames_others_for_mistakes": "Rarely",
            "angry_and_resentful": "Occasionally"
        }
    },
    "developmental_medical_history": {
        "problems_at_birth": "No information",
        "child_has_serious_illness_injury_handicaps_or_hospitalization": "No",
        "child_attends_school": "Yes",
        "school_history": {
            "school": "Campbell County high school north campus",
            "repeated_any_grade": "Yes",
            "receiving_special_education_services": "Yes",
            "grade": "9",
            "special_education_services_details": "Kindergarten - Speech, math, and reading",
            "academic_problems": "Struggles with getting homework done"
        },
        "current_medications": [
            {
                "medication": "Escitalopram",
                "dosage": "10mg",
                "reason": "",
                "helpful": ""
            },
            {
                "medication": "Hydrooxyzine",
                "dosage": "50mg",
                "reason": "",
                "helpful": ""
            },
            {
                "medication": "Aripiprazole",
                "dosage": "2mg",
                "reason": "",
                "helpful": ""
            }
        ],
        "known_allergies": "N/A",
        "foods_limited_or_not_given": "No",
        "household_smoking": "No",
        "developmental_history": {
            "said_first_word": "1",
            "used_2_word_phrases": "2",
            "understood_and_followed_simple_directions": "2",
            "reasonably_well_toilet_trained": "2",
            "did_child_cry_excessively": "0",
            "rarely_cried": "1",
            "walked_alone &#8203;``【oaicite:0】``&#8203;
