{
    "clientfullname": ,
    "clientdob": ,
    "age":,
    "pronoun": ,
    "gender": ,
    "testingdate": "",
    "iqnotassessed": "True",
    "mother_name": ,
    "father_name": ,
    "marital_status":,
    "siblings": [
        {
            "name": ,
            "age": ,
            "relationship": ,
            "sex": 
        },
        {
            "name": "Frances Merchen",
            "age": 11,
            "relationship": "half",
            "sex": "female"
        },
        {
            "name": "Jason Merchen",
            "age": 9,
            "relationship": "half",
            "sex": "male"
        },
        {
            "name": "Zane Merchen",
            "age": 6,
            "relationship": "half",
            "sex": "male"
        }
    ],
    "milestones": {
        "first_word": ,
        "two_words": ,
        "understood_directions":,
        "walked_alone": ,
        "toilet_trained": ,
        "crying_level": 
    },
    "education": {
        "school": ,
        "grade": 
    }
}
