[{"CARS Form":"\/Users\/johnbridges\/Dropbox\/NewHope Psychology\/JoyConsulting\/GateInc\/ExpertReports\/clients\/active\/JosHar\/cars\/J2024.6.7 JosHar CARS - 2.pdf","Question 1":2,"Question 2":2,"Question 3":2,"Question 4":2,"Question 5":2,"Question 6":2,"Question 7":1,"Question 8":1,"Question 9":1,"Question 10":1,"Question 11":2,"Question 12":2,"Question 13":2,"Question 14":2,"Question 15":3,"Question 16":1,"Question 17":2,"Question 18":2,"Question 19":2,"Question 20":2,"Question 21":2,"Question 22":2,"Question 23":2,"Question 24":2,"Question 25":2,"Question 26":1,"Question 27":1,"Question 28":2,"Question 29":2,"Question 30":1,"Question 31":2,"Question 32":2,"Question 33":2,"Question 34":2,"Question 35":2,"Question 36":2,"Question 37":null,"Question 38":"Claps his hands repeatedly when happy, sad, or angry","Additional Comments 1":null,"References 1":null,"Additional Comments 2":null,"References 2":null,"Additional Comments 3":null,"References 3":null}]