{"Question 1": 3, "Question 2": 2, "Question 3": 2, "Question 4": 2, "Question 5": 2, "Question 6": 2, "Question 7": 3, "Question 8": 2, "Question 9": 2, "Question 10": 3, "Question 11": 1, "Question 12": 1, "Question 13": 2, "Question 14": 3, "Question 15": 1, "Question 16": 1, "Question 17": 2, "Question 18": 2, "Question 19": 2, "Question 20": 2, "Question 21": 1, "Question 22": 1, "Question 23": 2, "Question 24": 3, "Question 25": 2, "Question 26": 1, "Question 27": 1, "Question 28": 2, "Question 29": 0, "Question 30": 0, "Question 31": 3, "Question 32": 3, "Question 33": 3}