{"Question 1": 0, "Question 2": 0, "Question 3": 0, "Question 4": 0, "Question 5": 0, "Question 6": 0, "Question 7": 1, "Question 8": 0, "Question 9": 0, "Question 10": 0, "Question 11": 0, "Question 12": 0, "Question 13": 0, "Question 14": 0, "Question 15": 0, "Question 16": 0, "Question 17": 0, "Question 18": 0, "Question 19": 0, "Question 20": 0, "Question 21": 0, "Question 22": 0, "Question 23": 0, "Question 24": 0, "Question 25": 0, "Question 26": 0, "Question 27": 0, "Question 28": 0, "Question 29": 0, "Question 30": 0, "Question 31": 1, "Question 32": 0, "Question 33": 0, "Question 34": 1, "Question 35": 1, "Question 36": 0, "Question 37": 2, "Question 38": 2, "Question 39": 2, "Question 40": 2, "Question 41": 1, "Question 42": 0, "Question 43": 2, "Question 44": 2, "Question 45": 0, "Question 46": 0, "Question 47": 0, "Question 48": 0, "Question 49": 0, "Question 50": 0, "Question 51": 1, "Question 52": 0, "Question 53": 0, "Question 54": 0, "Question 55": 0, "Question 56": 0, "Question 57": 0, "Question 58": 0}