{"GARS3_4": {"level": 1, "composite_score": 64, "composite_percent": "<1", "composite_rating": "Probable", "behaviour_percent": 2, "behaviour_score": 4, "sinter_percent": "1", "sinter_score": 3, "scomms_percent": "1", "scomms_score": 3, "emot_percent": "37", "emot_score": 9, "cog_percent": "9", "cog_score": 6, "mal_percent": "3", "mal_score": 5}, "GARS3_6": {"level": 1, "composite_score": 56, "composite_percent": "<1", "composite_rating": "Probable", "behaviour_percent": 2, "behaviour_score": 4, "sinter_percent": "1", "sinter_score": 3, "scomms_percent": "1", "scomms_score": 3, "emot_percent": "37", "emot_score": 9, "cog_percent": "9", "cog_score": 6, "mal_percent": "3", "mal_score": 5}}