[{"CARS Form":"\/Users\/johnbridges\/Dropbox\/NewHope Psychology\/JoyConsulting\/GateInc\/ExpertReports\/clients\/active\/EliBak\/cars\/2024.6.10 EliBak CARS - 2.pdf","Question 1":1,"Question 2":1,"Question 3":1,"Question 4":1,"Question 5":1,"Question 6":1,"Question 7":1,"Question 8":1,"Question 9":1,"Question 10":2,"Question 11":1,"Question 12":1,"Question 13":1,"Question 14":1,"Question 15":1,"Question 16":1,"Question 17":-1,"Question 18":1,"Question 19":1,"Question 20":2,"Question 21":2,"Question 22":2,"Question 23":1,"Question 24":1,"Question 25":1,"Question 26":1,"Question 27":1,"Question 28":3,"Question 29":3,"Question 30":3,"Question 31":2,"Question 32":2,"Question 33":1,"Question 34":1,"Question 35":4,"Question 36":4,"Question 37":null,"Question 38":null,"Additional Comments 1":null,"References 1":null,"Additional Comments 2":null,"References 2":null,"Additional Comments 3":null,"References 3":null}]