[{"GARS Form":"\/Users\/johnbridges\/Dropbox\/NewHope Psychology\/JoyConsulting\/GateInc\/ExpertReports\/clients\/active\/JosHar\/gars\/2024.6.7 JosHar GARS 3.pdf","Question 1":4,"Question 2":3,"Question 3":2,"Question 4":2,"Question 5":2,"Question 6":2,"Question 7":2,"Question 8":1,"Question 9":4,"Question 10":2,"Question 11":2,"Question 12":1,"Question 13":1,"Question 14":2,"Question 15":3,"Question 16":3,"Question 17":3,"Question 18":2,"Question 19":3,"Question 20":2,"Question 21":2,"Question 22":2,"Question 23":2,"Question 24":2,"Question 25":2,"Question 26":2,"Question 27":1,"Question 28":2,"Question 29":3,"Question 30":3,"Question 31":3,"Question 32":3,"Question 33":3,"Question 34":3,"Question 35":3,"Question 36":3,"Question 37":3,"Question 38":3,"Question 39":3,"Question 40":3,"Question 41":3,"Question 42":3,"Question 43":3,"Question 44":3,"Is the individual mute?":1,"Question 45":2,"Question 46":2,"Question 47":2,"Question 48":2,"Question 49":2,"Question 50":2,"Question 51":2,"Question 52":3,"Question 53":3,"Question 54":2,"Question 55":3,"Question 56":1,"Question 57":1,"Question 58":1}]