[{"GARS Form":"\/Users\/johnbridges\/Dropbox\/NewHope Psychology\/JoyConsulting\/GateInc\/ExpertReports\/clients\/active\/EliBak\/gars\/2024.6.10 EliBak GARS 3.pdf","Question 1":2,"Question 2":1,"Question 3":3,"Question 4":1,"Question 5":1,"Question 6":1,"Question 7":3,"Question 8":2,"Question 9":3,"Question 10":3,"Question 11":1,"Question 12":3,"Question 13":1,"Question 14":1,"Question 15":1,"Question 16":1,"Question 17":1,"Question 18":1,"Question 19":1,"Question 20":1,"Question 21":1,"Question 22":1,"Question 23":1,"Question 24":1,"Question 25":1,"Question 26":1,"Question 27":1,"Question 28":1,"Question 29":1,"Question 30":1,"Question 31":2,"Question 32":1,"Question 33":3,"Question 34":3,"Question 35":2,"Question 36":2,"Question 37":4,"Question 38":4,"Question 39":4,"Question 40":4,"Question 41":4,"Question 42":3,"Question 43":3,"Question 44":4,"Is the individual mute?":2,"Question 45":1,"Question 46":1,"Question 47":1,"Question 48":1,"Question 49":3,"Question 50":2,"Question 51":1,"Question 52":1,"Question 53":1,"Question 54":1,"Question 55":1,"Question 56":1,"Question 57":1,"Question 58":1}]