{
    "clientfullname": "Elias Baker",
    "clientdob": "2016-04-02",
    "age": 8,
    "pronoun": "He",
    "gender": "Male",
    "testingdate": "04/22/2024",
    "iqnotassessed": "True",
    "mother_name": "Barbara Baker",
    "father_name": "Unknown",
    "marital_status": "Single",
    "siblings": [
        {
            "name": "Bridger Baker",
            "age": 11,
            "relationship": "Brother",
            "sex": "Male"
        },
        {
            "name": "Madeline Baker",
            "age": 21,
            "relationship": "Sister",
            "sex": "Female"
        },
        {
            "name": "Christopher Baker",
            "age": 24,
            "relationship": "Brother",
            "sex": "Male"
        },
        {
            "name": "Deaven Baker",
            "age": 26,
            "relationship": "Brother",
            "sex": "Male"
        }
    ],
    "milestones": {
        "first_word": 0,
        "two_words": 0,
        "understood_directions": 12,
        "walked_alone": 0,
        "toilet_trained": 24,
        "crying_level": 0
    },
    "education": {
        "school": "Cottonwood Elementary",
        "grade": "2 (completed)"
    }
}
