{
  "Scores": {
    "All ages": [
      { "score": ">54", "t_score": 70, "percentile": ">97" },
      { "score": "54", "t_score": 70, "percentile": ">97" },
      { "score": "53.5", "t_score": 69, "percentile": 97 },
      { "score": "52", "t_score": 68, "percentile": 96 },
      { "score": "51", "t_score": 67, "percentile": 96 },
      { "score": "50", "t_score": 66, "percentile": 95 },
      { "score": "49.5", "t_score": 65, "percentile": 93 },
      { "score": "49", "t_score": 64, "percentile": 92 },
      { "score": "48", "t_score": 63, "percentile": 90 },
      { "score": "47", "t_score": 62, "percentile": 88 },
      { "score": "46.5", "t_score": 61, "percentile": 86 },
      { "score": "45.5", "t_score": 60, "percentile": 84 },
      { "score": "44.5", "t_score": 59, "percentile": 82 },
      { "score": "44", "t_score": 58, "percentile": 79 },
      { "score": "43.5", "t_score": 57, "percentile": 76 },
      { "score": "42.5", "t_score": 56, "percentile": 72 },
      { "score": "42", "t_score": 55, "percentile": 69 },
      { "score": "41", "t_score": 54, "percentile": 65 },
      { "score": "40", "t_score": 53, "percentile": 62 },
      { "score": "39", "t_score": 52, "percentile": 58 },
      { "score": "38.5", "t_score": 52, "percentile": 58 },
      { "score": "38", "t_score": 51, "percentile": 54 },
      { "score": "37.5", "t_score": 50, "percentile": 50 },
      { "score": "37", "t_score": 49, "percentile": 46 },
      { "score": "36.5", "t_score": 48, "percentile": 42 },
      { "score": "36", "t_score": 47, "percentile": 38 },
      { "score": "35.5", "t_score": 47, "percentile": 38 },
      { "score": "35", "t_score": 46, "percentile": 35 },
      { "score": "34.5", "t_score": 46, "percentile": 35 },
      { "score": "34", "t_score": 45, "percentile": 31 },
      { "score": "33.5", "t_score": 45, "percentile": 31 },
      { "score": "33", "t_score": 44, "percentile": 28 },
      { "score": "32.5", "t_score": 43, "percentile": 24 },
      { "score": "32", "t_score": 42, "percentile": 21 },
      { "score": "31.5", "t_score": 42, "percentile": 21 },
      { "score": "31", "t_score": 41, "percentile": 19 },
      { "score": "30.5", "t_score": 41, "percentile": 19 },
      { "score": "30", "t_score": 40, "percentile": 16 },
      { "score": "29.5", "t_score": 40, "percentile": 16 },
      { "score": "29", "t_score": 39, "percentile": 14 },
      { "score": "28.5", "t_score": 39, "percentile": 14 },
      { "score": "28", "t_score": 38, "percentile": 12 },
      { "score": "27.5", "t_score": 38, "percentile": 12 },
      { "score": "27", "t_score": 37, "percentile": 10 },
      { "score": "26.5", "t_score": 37, "percentile": 10 },
      { "score": "26", "t_score": 36, "percentile": 8 },
      { "score": "25.5", "t_score": 36, "percentile": 8 },
      { "score": "25", "t_score": 35, "percentile": 7 },
      { "score": "24.5", "t_score": 35, "percentile": 7 },
      { "score": "24", "t_score": 34, "percentile": 6 },
      { "score": "23.5", "t_score": 34, "percentile": 6 },
      { "score": "23", "t_score": 33, "percentile": 5 },
      { "score": "22.5", "t_score": 32, "percentile": 4 },
      { "score": "22", "t_score": 32, "percentile": 4 },
      { "score": "21.5", "t_score": 31, "percentile": 3 },
      { "score": "21", "t_score": 31, "percentile": 3 },
      { "score": "20.5", "t_score": 29, "percentile": 2 },
      { "score": "20", "t_score": 29, "percentile": 2 },
      { "score": "19.5", "t_score": 28, "percentile": 1 },
      { "score": "19", "t_score": 28, "percentile": 1 },
      { "score": "18.5", "t_score": 27, "percentile": 1 },
      { "score": "18", "t_score": 26, "percentile": 1 },
      { "score": "17.5", "t_score": 25, "percentile": 1 },
      { "score": "17", "t_score": 24, "percentile": 1 },
      { "score": "16.5", "t_score": 23, "percentile": 1 },
      { "score": "16", "t_score": 22, "percentile": 1 },
      { "score": "15.5", "t_score": 21, "percentile": 1 },
      { "score": "15", "t_score": 20, "percentile": 1 }
    ],
    "Ages 2-12": [
      { "score": ">54", "t_score": 70, "percentile": ">97" },
      { "score": "54", "t_score": 70, "percentile": ">97" },
      { "score": "53.5", "t_score": 69, "percentile": 97 },
      { "score": "52", "t_score": 68, "percentile": 96 },
      { "score": "52.5", "t_score": 68, "percentile": 96 },
      { "score": "51.5", "t_score": 67, "percentile": 96 },
      { "score": "51", "t_score": 66, "percentile": 95 },
      { "score": "50", "t_score": 65, "percentile": 93 },
      { "score": "49.5", "t_score": 64, "percentile": 92 },
      { "score": "49", "t_score": 63, "percentile": 90 },
      { "score": "48.5", "t_score": 63, "percentile": 90 },
      { "score": "48", "t_score": 62, "percentile": 88 },
      { "score": "47.5", "t_score": 61, "percentile": 86 },
      { "score": "47", "t_score": 60, "percentile": 84 },
      { "score": "46.5", "t_score": 60, "percentile": 84 },
      { "score": "46", "t_score": 59, "percentile": 82 },
      { "score": "45.5", "t_score": 58, "percentile": 79 },
      { "score": "45", "t_score": 58, "percentile": 79 },
      { "score": "44.5", "t_score": 59, "percentile": 82 },
      { "score": "44", "t_score": 58, "percentile": 79 },
      { "score": "43.5", "t_score": 57, "percentile": 76 },
      { "score": "43", "t_score": 58, "percentile": 79 },
      { "score": "42.5", "t_score": 56, "percentile": 72 },
      { "score": "42", "t_score": 55, "percentile": 69 },
      { "score": "41.5", "t_score": 56, "percentile": 72 },
      { "score": "41", "t_score": 55, "percentile": 69 },
      { "score": "40.5", "t_score": 54, "percentile": 65 },
      { "score": "40", "t_score": 53, "percentile": 62 },
      { "score": "39.5", "t_score": 54, "percentile": 65 },
      { "score": "39", "t_score": 52, "percentile": 58 },
      { "score": "38.5", "t_score": 52, "percentile": 58 },
      { "score": "38", "t_score": 51, "percentile": 54 },
      { "score": "37.5", "t_score": 50, "percentile": 50 },
      { "score": "37", "t_score": 49, "percentile": 46 },
      { "score": "36.5", "t_score": 48, "percentile": 42 },
      { "score": "36", "t_score": 47, "percentile": 38 },
      { "score": "35.5", "t_score": 47, "percentile": 38 },
      { "score": "35", "t_score": 46, "percentile": 35 },
      { "score": "34.5", "t_score": 46, "percentile": 35 },
      { "score": "34", "t_score": 45, "percentile": 31 },
      { "score": "33.5", "t_score": 45, "percentile": 31 },
      { "score": "33", "t_score": 44, "percentile": 28 },
      { "score": "32.5", "t_score": 43, "percentile": 24 },
      { "score": "32", "t_score": 42, "percentile": 21 },
      { "score": "31.5", "t_score": 42, "percentile": 21 },
      { "score": "31", "t_score": 41, "percentile": 19 },
      { "score": "30.5", "t_score": 41, "percentile": 19 },
      { "score": "30", "t_score": 40, "percentile": 16 },
      { "score": "29.5", "t_score": 40, "percentile": 16 },
      { "score": "29", "t_score": 39, "percentile": 14 },
      { "score": "28.5", "t_score": 39, "percentile": 14 },
      { "score": "28", "t_score": 38, "percentile": 12 },
      { "score": "27.5", "t_score": 38, "percentile": 12 },
      { "score": "27", "t_score": 37, "percentile": 10 },
      { "score": "26.5", "t_score": 37, "percentile": 10 },
      { "score": "26", "t_score": 36, "percentile": 8 },
      { "score": "25.5", "t_score": 36, "percentile": 8 },
      { "score": "25", "t_score": 35, "percentile": 7 },
      { "score": "24.5", "t_score": 35, "percentile": 7 },
      { "score": "24", "t_score": 34, "percentile": 6 },
      { "score": "23.5", "t_score": 34, "percentile": 6 },
      { "score": "23", "t_score": 33, "percentile": 5 },
      { "score": "22.5", "t_score": 32, "percentile": 4 },
      { "score": "22", "t_score": 32, "percentile": 4 },
      { "score": "21.5", "t_score": 31, "percentile": 3 },
      { "score": "21", "t_score": 31, "percentile": 3 },
      { "score": "20.5", "t_score": 29, "percentile": 2 },
      { "score": "20", "t_score": 29, "percentile": 2 },
      { "score": "19.5", "t_score": 28, "percentile": 1 },
      { "score": "19", "t_score": 28, "percentile": 1 },
      { "score": "18.5", "t_score": 27, "percentile": 1 },
      { "score": "18", "t_score": 26, "percentile": 1 },
      { "score": "17.5", "t_score": 25, "percentile": 1 },
      { "score": "17", "t_score": 24, "percentile": 1 },
      { "score": "16.5", "t_score": 23, "percentile": 1 },
      { "score": "16", "t_score": 22, "percentile": 1 },
      { "score": "15.5", "t_score": 21, "percentile": 1 },
      { "score": "15", "t_score": 20, "percentile": 1 }
    ],
    "Ages 13 and older": [
      { "score": ">54", "t_score": 70, "percentile": ">97" },
      { "score": "54", "t_score": 70, "percentile": ">97" },
      { "score": "52", "t_score": 68, "percentile": 96 },
      { "score": "51.5", "t_score": 67, "percentile": 96 },
      { "score": "49.5", "t_score": 66, "percentile": 95 },
      { "score": "49", "t_score": 65, "percentile": 93 },
      { "score": "47.5", "t_score": 64, "percentile": 92 },
      { "score": "46", "t_score": 63, "percentile": 90 },
      { "score": "45", "t_score": 62, "percentile": 88 },
      { "score": "44", "t_score": 61, "percentile": 86 },
      { "score": "43.5", "t_score": 60, "percentile": 84 },
      { "score": "43", "t_score": 59, "percentile": 82 },
      { "score": "42.5", "t_score": 58, "percentile": 79 },
      { "score": "42", "t_score": 57, "percentile": 76 },
      { "score": "41", "t_score": 56, "percentile": 72 },
      { "score": "40", "t_score": 55, "percentile": 69 },
      { "score": "39.5", "t_score": 54, "percentile": 65 },
      { "score": "39", "t_score": 53, "percentile": 62 },
      { "score": "38.5", "t_score": 52, "percentile": 58 },
      { "score": "38", "t_score": 51, "percentile": 54 },
      { "score": "37.5", "t_score": 50, "percentile": 50 },
      { "score": "36.5", "t_score": 49, "percentile": 46 },
      { "score": "35", "t_score": 48, "percentile": 42 },
      { "score": "34", "t_score": 47, "percentile": 38 },
      { "score": "33.5", "t_score": 46, "percentile": 35 },
      { "score": "33", "t_score": 45, "percentile": 31 },
      { "score": "32.5", "t_score": 44, "percentile": 28 },
      { "score": "31", "t_score": 43, "percentile": 24 },
      { "score": "30.5", "t_score": 42, "percentile": 21 },
      { "score": "29.5", "t_score": 41, "percentile": 19 },
      { "score": "28", "t_score": 40, "percentile": 16 },
      { "score": "26.5", "t_score": 39, "percentile": 14 },
      { "score": "26", "t_score": 38, "percentile": 12 },
      { "score": "25", "t_score": 37, "percentile": 10 },
      { "score": "23.5", "t_score": 36, "percentile": 8 },
      { "score": "23", "t_score": 35, "percentile": 7 },
      { "score": "21", "t_score": 34, "percentile": 6 },
      { "score": "20.5", "t_score": 33, "percentile": 5 },
      { "score": "20", "t_score": 32, "percentile": 4 },
      { "score": "19.5", "t_score": 31, "percentile": 3 },
      { "score": "19", "t_score": 30, "percentile": 2 },
      { "score": "18.5", "t_score": 29, "percentile": 1 },
      { "score": "17.5", "t_score": 28, "percentile": 1 },
      { "score": "17", "t_score": 27, "percentile": 1 },
      { "score": "16", "t_score": 26, "percentile": 1 },
      { "score": "15.5", "t_score": 25, "percentile": 1 },
      { "score": "<15", "t_score": 24, "percentile": "<1" }
    ]
  }
}
