{
    "ASD" :{
    "Autism Spectrum Disorder (ASD) without specifying severity": "F84.0",
    "Level 1: Requiring Support": "F84.0 (with clinical specification for Level 1 severity)",
    "Level 2: Requiring Substantial Support": "F84.0 (with clinical specification for Level 2 severity)",
    "Level 3: Requiring Very Substantial Support": "F84.0 (with clinical specification for Level 3 severity)"
    }
    "ADHD": {
  "ADHD Predominantly Inattentive Type": "F90.0",
  "ADHD Predominantly Hyperactive-Impulsive Type": "F90.1",
  "ADHD Combined Type": "F90.2",
  "ADHD Other Type": "F90.8",
  "ADHD Unspecified Type": "F90.9"
}
  "Specific Learning Disability in Reading": "F81.0",
  "Specific Learning Disability in Math": "F81.2",
  "Generalized Anxiety Disorder (GAD)": "F41.1",
  "Trauma Related Disorder – residual – reported h/o abuse/neglect": "F43.10",
  "Episodic Depressive Disorder": "F33.9",
  "Insomnia – chronic": "G47.01"
}